file,line,type,commit,author,date,time,timezone,datetime,depth,length
style.css,1,css,14706b1c,Bryan,2025-10-17,22:35:56,-07:00,2025-10-17T22:35:56-07:00,0,13
style.css,2,css,14706b1c,Bryan,2025-10-17,22:35:56,-07:00,2025-10-17T22:35:56-07:00,0,3
style.css,3,css,14706b1c,Bryan,2025-10-17,22:35:56,-07:00,2025-10-17T22:35:56-07:00,1,23
style.css,4,css,14706b1c,Bryan,2025-10-17,22:35:56,-07:00,2025-10-17T22:35:56-07:00,0,0
style.css,5,css,14706b1c,Bryan,2025-10-17,22:35:56,-07:00,2025-10-17T22:35:56-07:00,0,0
style.css,6,css,89571fcf,Bryan,2025-10-04,22:24:18,-07:00,2025-10-04T22:24:18-07:00,0,4
style.css,7,css,89571fcf,Bryan,2025-10-04,22:24:18,-07:00,2025-10-04T22:24:18-07:00,1,43
style.css,8,css,89571fcf,Bryan,2025-10-04,22:24:18,-07:00,2025-10-04T22:24:18-07:00,0,42
style.css,9,css,89571fcf,Bryan,2025-10-04,22:24:18,-07:00,2025-10-04T22:24:18-07:00,0,0
style.css,10,css,89571fcf,Bryan,2025-10-04,22:24:18,-07:00,2025-10-04T22:24:18-07:00,1,23
style.css,11,css,551fe3a4,Bryan,2025-10-10,16:53:55,-07:00,2025-10-10T16:53:55-07:00,1,13
style.css,12,css,551fe3a4,Bryan,2025-10-10,16:53:55,-07:00,2025-10-10T16:53:55-07:00,1,10
style.css,13,css,551fe3a4,Bryan,2025-10-10,16:53:55,-07:00,2025-10-10T16:53:55-07:00,1,15
style.css,14,css,551fe3a4,Bryan,2025-10-10,16:53:55,-07:00,2025-10-10T16:53:55-07:00,1,18
style.css,15,css,551fe3a4,Bryan,2025-10-10,16:53:55,-07:00,2025-10-10T16:53:55-07:00,1,13
style.css,16,css,14706b1c,Bryan,2025-10-17,22:35:56,-07:00,2025-10-17T22:35:56-07:00,1,17
style.css,17,css,14706b1c,Bryan,2025-10-17,22:35:56,-07:00,2025-10-17T22:35:56-07:00,1,16
style.css,18,css,551fe3a4,Bryan,2025-10-10,16:53:55,-07:00,2025-10-10T16:53:55-07:00,0,0
style.css,19,css,551fe3a4,Bryan,2025-10-10,16:53:55,-07:00,2025-10-10T16:53:55-07:00,0,0
style.css,20,css,14706b1c,Bryan,2025-10-17,22:35:56,-07:00,2025-10-17T22:35:56-07:00,0,17
style.css,21,css,551fe3a4,Bryan,2025-10-10,16:53:55,-07:00,2025-10-10T16:53:55-07:00,0,3
style.css,22,css,551fe3a4,Bryan,2025-10-10,16:53:55,-07:00,2025-10-10T16:53:55-07:00,1,12
style.css,23,css,551fe3a4,Bryan,2025-10-10,16:53:55,-07:00,2025-10-10T16:53:55-07:00,1,17
style.css,24,css,551fe3a4,Bryan,2025-10-10,16:53:55,-07:00,2025-10-10T16:53:55-07:00,1,17
style.css,25,css,14706b1c,Bryan,2025-10-17,22:35:56,-07:00,2025-10-17T22:35:56-07:00,1,43
style.css,26,css,551fe3a4,Bryan,2025-10-10,16:53:55,-07:00,2025-10-10T16:53:55-07:00,1,15
style.css,27,css,551fe3a4,Bryan,2025-10-10,16:53:55,-07:00,2025-10-10T16:53:55-07:00,0,0
style.css,28,css,14706b1c,Bryan,2025-10-17,22:35:56,-07:00,2025-10-17T22:35:56-07:00,0,3
style.css,29,css,14706b1c,Bryan,2025-10-17,22:35:56,-07:00,2025-10-17T22:35:56-07:00,1,39
style.css,30,css,14706b1c,Bryan,2025-10-17,22:35:56,-07:00,2025-10-17T22:35:56-07:00,1,39
style.css,31,css,14706b1c,Bryan,2025-10-17,22:35:56,-07:00,2025-10-17T22:35:56-07:00,0,0
style.css,32,css,14706b1c,Bryan,2025-10-17,22:35:56,-07:00,2025-10-17T22:35:56-07:00,0,0
style.css,33,css,14706b1c,Bryan,2025-10-17,22:35:56,-07:00,2025-10-17T22:35:56-07:00,0,0
style.css,34,css,551fe3a4,Bryan,2025-10-10,16:53:55,-07:00,2025-10-10T16:53:55-07:00,0,0
style.css,35,css,551fe3a4,Bryan,2025-10-10,16:53:55,-07:00,2025-10-10T16:53:55-07:00,0,5
style.css,36,css,551fe3a4,Bryan,2025-10-10,16:53:55,-07:00,2025-10-10T16:53:55-07:00,1,43
style.css,37,css,551fe3a4,Bryan,2025-10-10,16:53:55,-07:00,2025-10-10T16:53:55-07:00,1,20
style.css,38,css,551fe3a4,Bryan,2025-10-10,16:53:55,-07:00,2025-10-10T16:53:55-07:00,1,6
style.css,39,css,551fe3a4,Bryan,2025-10-10,16:53:55,-07:00,2025-10-10T16:53:55-07:00,1,20
style.css,40,css,551fe3a4,Bryan,2025-10-10,16:53:55,-07:00,2025-10-10T16:53:55-07:00,1,12
style.css,41,css,551fe3a4,Bryan,2025-10-10,16:53:55,-07:00,2025-10-10T16:53:55-07:00,1,17
style.css,42,css,551fe3a4,Bryan,2025-10-10,16:53:55,-07:00,2025-10-10T16:53:55-07:00,1,13
style.css,43,css,551fe3a4,Bryan,2025-10-10,16:53:55,-07:00,2025-10-10T16:53:55-07:00,0,0
style.css,44,css,551fe3a4,Bryan,2025-10-10,16:53:55,-07:00,2025-10-10T16:53:55-07:00,0,10
style.css,45,css,551fe3a4,Bryan,2025-10-10,16:53:55,-07:00,2025-10-10T16:53:55-07:00,1,21
style.css,46,css,551fe3a4,Bryan,2025-10-10,16:53:55,-07:00,2025-10-10T16:53:55-07:00,0,0
style.css,47,css,551fe3a4,Bryan,2025-10-10,16:53:55,-07:00,2025-10-10T16:53:55-07:00,0,0
style.css,48,css,551fe3a4,Bryan,2025-10-10,16:53:55,-07:00,2025-10-10T16:53:55-07:00,0,15
style.css,49,css,551fe3a4,Bryan,2025-10-10,16:53:55,-07:00,2025-10-10T16:53:55-07:00,0,4
style.css,50,css,551fe3a4,Bryan,2025-10-10,16:53:55,-07:00,2025-10-10T16:53:55-07:00,0,4
style.css,51,css,551fe3a4,Bryan,2025-10-10,16:53:55,-07:00,2025-10-10T16:53:55-07:00,0,7
style.css,52,css,551fe3a4,Bryan,2025-10-10,16:53:55,-07:00,2025-10-10T16:53:55-07:00,0,6
style.css,53,css,551fe3a4,Bryan,2025-10-10,16:53:55,-07:00,2025-10-10T16:53:55-07:00,1,12
style.css,54,css,551fe3a4,Bryan,2025-10-10,16:53:55,-07:00,2025-10-10T16:53:55-07:00,1,13
style.css,55,css,551fe3a4,Bryan,2025-10-10,16:53:55,-07:00,2025-10-10T16:53:55-07:00,0,0
style.css,56,css,551fe3a4,Bryan,2025-10-10,16:53:55,-07:00,2025-10-10T16:53:55-07:00,0,0
style.css,57,css,551fe3a4,Bryan,2025-10-10,16:53:55,-07:00,2025-10-10T16:53:55-07:00,0,7
style.css,58,css,551fe3a4,Bryan,2025-10-10,16:53:55,-07:00,2025-10-10T16:53:55-07:00,0,7
style.css,59,css,551fe3a4,Bryan,2025-10-10,16:53:55,-07:00,2025-10-10T16:53:55-07:00,0,5
style.css,60,css,551fe3a4,Bryan,2025-10-10,16:53:55,-07:00,2025-10-10T16:53:55-07:00,1,10
style.css,61,css,551fe3a4,Bryan,2025-10-10,16:53:55,-07:00,2025-10-10T16:53:55-07:00,1,21
style.css,62,css,551fe3a4,Bryan,2025-10-10,16:53:55,-07:00,2025-10-10T16:53:55-07:00,0,0
style.css,63,css,551fe3a4,Bryan,2025-10-10,16:53:55,-07:00,2025-10-10T16:53:55-07:00,0,0
style.css,64,css,551fe3a4,Bryan,2025-10-10,16:53:55,-07:00,2025-10-10T16:53:55-07:00,0,4
style.css,65,css,551fe3a4,Bryan,2025-10-10,16:53:55,-07:00,2025-10-10T16:53:55-07:00,1,18
style.css,66,css,551fe3a4,Bryan,2025-10-10,16:53:55,-07:00,2025-10-10T16:53:55-07:00,0,2
style.css,67,css,551fe3a4,Bryan,2025-10-10,16:53:55,-07:00,2025-10-10T16:53:55-07:00,0,4
style.css,68,css,551fe3a4,Bryan,2025-10-10,16:53:55,-07:00,2025-10-10T16:53:55-07:00,1,12
style.css,69,css,551fe3a4,Bryan,2025-10-10,16:53:55,-07:00,2025-10-10T16:53:55-07:00,1,30
style.css,70,css,551fe3a4,Bryan,2025-10-10,16:53:55,-07:00,2025-10-10T16:53:55-07:00,1,7
style.css,71,css,551fe3a4,Bryan,2025-10-10,16:53:55,-07:00,2025-10-10T16:53:55-07:00,1,18
style.css,72,css,551fe3a4,Bryan,2025-10-10,16:53:55,-07:00,2025-10-10T16:53:55-07:00,0,0
style.css,73,css,551fe3a4,Bryan,2025-10-10,16:53:55,-07:00,2025-10-10T16:53:55-07:00,0,5
style.css,74,css,551fe3a4,Bryan,2025-10-10,16:53:55,-07:00,2025-10-10T16:53:55-07:00,1,14
style.css,75,css,551fe3a4,Bryan,2025-10-10,16:53:55,-07:00,2025-10-10T16:53:55-07:00,1,16
style.css,76,css,551fe3a4,Bryan,2025-10-10,16:53:55,-07:00,2025-10-10T16:53:55-07:00,0,0
style.css,77,css,551fe3a4,Bryan,2025-10-10,16:53:55,-07:00,2025-10-10T16:53:55-07:00,0,4
style.css,78,css,551fe3a4,Bryan,2025-10-10,16:53:55,-07:00,2025-10-10T16:53:55-07:00,0,8
style.css,79,css,551fe3a4,Bryan,2025-10-10,16:53:55,-07:00,2025-10-10T16:53:55-07:00,1,13
style.css,80,css,551fe3a4,Bryan,2025-10-10,16:53:55,-07:00,2025-10-10T16:53:55-07:00,1,10
style.css,81,css,551fe3a4,Bryan,2025-10-10,16:53:55,-07:00,2025-10-10T16:53:55-07:00,1,21
style.css,82,css,551fe3a4,Bryan,2025-10-10,16:53:55,-07:00,2025-10-10T16:53:55-07:00,0,0
style.css,83,css,551fe3a4,Bryan,2025-10-10,16:53:55,-07:00,2025-10-10T16:53:55-07:00,0,6
style.css,84,css,551fe3a4,Bryan,2025-10-10,16:53:55,-07:00,2025-10-10T16:53:55-07:00,1,18
style.css,85,css,551fe3a4,Bryan,2025-10-10,16:53:55,-07:00,2025-10-10T16:53:55-07:00,1,21
style.css,86,css,551fe3a4,Bryan,2025-10-10,16:53:55,-07:00,2025-10-10T16:53:55-07:00,0,0
style.css,87,css,551fe3a4,Bryan,2025-10-10,16:53:55,-07:00,2025-10-10T16:53:55-07:00,0,0
style.css,88,css,551fe3a4,Bryan,2025-10-10,16:53:55,-07:00,2025-10-10T16:53:55-07:00,0,9
style.css,89,css,551fe3a4,Bryan,2025-10-10,16:53:55,-07:00,2025-10-10T16:53:55-07:00,1,12
style.css,90,css,551fe3a4,Bryan,2025-10-10,16:53:55,-07:00,2025-10-10T16:53:55-07:00,1,58
style.css,91,css,551fe3a4,Bryan,2025-10-10,16:53:55,-07:00,2025-10-10T16:53:55-07:00,1,30
style.css,92,css,551fe3a4,Bryan,2025-10-10,16:53:55,-07:00,2025-10-10T16:53:55-07:00,0,0
style.css,93,css,551fe3a4,Bryan,2025-10-10,16:53:55,-07:00,2025-10-10T16:53:55-07:00,0,17
style.css,94,css,551fe3a4,Bryan,2025-10-10,16:53:55,-07:00,2025-10-10T16:53:55-07:00,1,12
style.css,95,css,551fe3a4,Bryan,2025-10-10,16:53:55,-07:00,2025-10-10T16:53:55-07:00,1,26
style.css,96,css,551fe3a4,Bryan,2025-10-10,16:53:55,-07:00,2025-10-10T16:53:55-07:00,1,15
style.css,97,css,551fe3a4,Bryan,2025-10-10,16:53:55,-07:00,2025-10-10T16:53:55-07:00,0,0
style.css,98,css,551fe3a4,Bryan,2025-10-10,16:53:55,-07:00,2025-10-10T16:53:55-07:00,0,12
style.css,99,css,551fe3a4,Bryan,2025-10-10,16:53:55,-07:00,2025-10-10T16:53:55-07:00,1,55
style.css,100,css,551fe3a4,Bryan,2025-10-10,16:53:55,-07:00,2025-10-10T16:53:55-07:00,0,0
style.css,101,css,551fe3a4,Bryan,2025-10-10,16:53:55,-07:00,2025-10-10T16:53:55-07:00,0,0
style.css,102,css,551fe3a4,Bryan,2025-10-10,16:53:55,-07:00,2025-10-10T16:53:55-07:00,0,37
style.css,103,css,551fe3a4,Bryan,2025-10-10,16:53:55,-07:00,2025-10-10T16:53:55-07:00,0,1
style.css,104,css,551fe3a4,Bryan,2025-10-10,16:53:55,-07:00,2025-10-10T16:53:55-07:00,1,13
style.css,105,css,551fe3a4,Bryan,2025-10-10,16:53:55,-07:00,2025-10-10T16:53:55-07:00,0,0
style.css,106,css,551fe3a4,Bryan,2025-10-10,16:53:55,-07:00,2025-10-10T16:53:55-07:00,0,0
style.css,107,css,551fe3a4,Bryan,2025-10-10,16:53:55,-07:00,2025-10-10T16:53:55-07:00,0,22
style.css,108,css,551fe3a4,Bryan,2025-10-10,16:53:55,-07:00,2025-10-10T16:53:55-07:00,1,15
style.css,109,css,551fe3a4,Bryan,2025-10-10,16:53:55,-07:00,2025-10-10T16:53:55-07:00,1,60
style.css,110,css,551fe3a4,Bryan,2025-10-10,16:53:55,-07:00,2025-10-10T16:53:55-07:00,0,0
style.css,111,css,551fe3a4,Bryan,2025-10-10,16:53:55,-07:00,2025-10-10T16:53:55-07:00,0,0
style.css,112,css,551fe3a4,Bryan,2025-10-10,16:53:55,-07:00,2025-10-10T16:53:55-07:00,0,0
style.css,113,css,551fe3a4,Bryan,2025-10-10,16:53:55,-07:00,2025-10-10T16:53:55-07:00,0,10
style.css,114,css,551fe3a4,Bryan,2025-10-10,16:53:55,-07:00,2025-10-10T16:53:55-07:00,0,0
style.css,115,css,551fe3a4,Bryan,2025-10-10,16:53:55,-07:00,2025-10-10T16:53:55-07:00,0,10
style.css,116,css,551fe3a4,Bryan,2025-10-10,16:53:55,-07:00,2025-10-10T16:53:55-07:00,1,13
style.css,117,css,551fe3a4,Bryan,2025-10-10,16:53:55,-07:00,2025-10-10T16:53:55-07:00,1,15
style.css,118,css,551fe3a4,Bryan,2025-10-10,16:53:55,-07:00,2025-10-10T16:53:55-07:00,1,10
style.css,119,css,551fe3a4,Bryan,2025-10-10,16:53:55,-07:00,2025-10-10T16:53:55-07:00,1,42
style.css,120,css,551fe3a4,Bryan,2025-10-10,16:53:55,-07:00,2025-10-10T16:53:55-07:00,1,16
style.css,121,css,551fe3a4,Bryan,2025-10-10,16:53:55,-07:00,2025-10-10T16:53:55-07:00,1,37
style.css,122,css,89571fcf,Bryan,2025-10-04,22:24:18,-07:00,2025-10-04T22:24:18-07:00,0,0
style.css,123,css,89571fcf,Bryan,2025-10-04,22:24:18,-07:00,2025-10-04T22:24:18-07:00,0,0
style.css,124,css,14706b1c,Bryan,2025-10-17,22:35:56,-07:00,2025-10-17T22:35:56-07:00,0,0
style.css,125,css,14706b1c,Bryan,2025-10-17,22:35:56,-07:00,2025-10-17T22:35:56-07:00,0,7
style.css,126,css,14706b1c,Bryan,2025-10-17,22:35:56,-07:00,2025-10-17T22:35:56-07:00,0,13
style.css,127,css,14706b1c,Bryan,2025-10-17,22:35:56,-07:00,2025-10-17T22:35:56-07:00,1,53
style.css,128,css,14706b1c,Bryan,2025-10-17,22:35:56,-07:00,2025-10-17T22:35:56-07:00,1,43
style.css,129,css,14706b1c,Bryan,2025-10-17,22:35:56,-07:00,2025-10-17T22:35:56-07:00,1,50
style.css,130,css,14706b1c,Bryan,2025-10-17,22:35:56,-07:00,2025-10-17T22:35:56-07:00,1,50
style.css,131,css,14706b1c,Bryan,2025-10-17,22:35:56,-07:00,2025-10-17T22:35:56-07:00,1,52
style.css,132,css,14706b1c,Bryan,2025-10-17,22:35:56,-07:00,2025-10-17T22:35:56-07:00,1,12
style.css,133,css,14706b1c,Bryan,2025-10-17,22:35:56,-07:00,2025-10-17T22:35:56-07:00,1,18
style.css,134,css,14706b1c,Bryan,2025-10-17,22:35:56,-07:00,2025-10-17T22:35:56-07:00,1,10
style.css,135,css,14706b1c,Bryan,2025-10-17,22:35:56,-07:00,2025-10-17T22:35:56-07:00,0,0
style.css,136,css,14706b1c,Bryan,2025-10-17,22:35:56,-07:00,2025-10-17T22:35:56-07:00,0,0
style.css,137,css,14706b1c,Bryan,2025-10-17,22:35:56,-07:00,2025-10-17T22:35:56-07:00,0,20
style.css,138,css,14706b1c,Bryan,2025-10-17,22:35:56,-07:00,2025-10-17T22:35:56-07:00,1,19
style.css,139,css,14706b1c,Bryan,2025-10-17,22:35:56,-07:00,2025-10-17T22:35:56-07:00,1,14
style.css,140,css,14706b1c,Bryan,2025-10-17,22:35:56,-07:00,2025-10-17T22:35:56-07:00,0,0
style.css,141,css,14706b1c,Bryan,2025-10-17,22:35:56,-07:00,2025-10-17T22:35:56-07:00,0,0
style.css,142,css,5ca8e545,Bryan,2025-10-25,23:33:23,-07:00,2025-10-25T23:33:23-07:00,0,17
style.css,143,css,5ca8e545,Bryan,2025-10-25,23:33:23,-07:00,2025-10-25T23:33:23-07:00,1,12
style.css,144,css,5ca8e545,Bryan,2025-10-25,23:33:23,-07:00,2025-10-25T23:33:23-07:00,1,36
style.css,145,css,5ca8e545,Bryan,2025-10-25,23:33:23,-07:00,2025-10-25T23:33:23-07:00,1,17
style.css,146,css,5ca8e545,Bryan,2025-10-25,23:33:23,-07:00,2025-10-25T23:33:23-07:00,0,0
style.css,147,css,14706b1c,Bryan,2025-10-17,22:35:56,-07:00,2025-10-17T22:35:56-07:00,0,0
style.css,148,css,5ca8e545,Bryan,2025-10-25,23:33:23,-07:00,2025-10-25T23:33:23-07:00,0,17
style.css,149,css,5ca8e545,Bryan,2025-10-25,23:33:23,-07:00,2025-10-25T23:33:23-07:00,1,16
style.css,150,css,5ca8e545,Bryan,2025-10-25,23:33:23,-07:00,2025-10-25T23:33:23-07:00,1,24
style.css,151,css,5ca8e545,Bryan,2025-10-25,23:33:23,-07:00,2025-10-25T23:33:23-07:00,0,0
style.css,152,css,5ca8e545,Bryan,2025-10-25,23:33:23,-07:00,2025-10-25T23:33:23-07:00,0,0
style.css,153,css,5ca8e545,Bryan,2025-10-25,23:33:23,-07:00,2025-10-25T23:33:23-07:00,0,17
style.css,154,css,5ca8e545,Bryan,2025-10-25,23:33:23,-07:00,2025-10-25T23:33:23-07:00,1,16
style.css,155,css,5ca8e545,Bryan,2025-10-25,23:33:23,-07:00,2025-10-25T23:33:23-07:00,1,8
style.css,156,css,5ca8e545,Bryan,2025-10-25,23:33:23,-07:00,2025-10-25T23:33:23-07:00,0,0
style.css,157,css,14706b1c,Bryan,2025-10-17,22:35:56,-07:00,2025-10-17T22:35:56-07:00,0,0
style.css,158,css,00000000,Not Committed Yet,2025-11-07,14:26:12,-08:00,2025-11-07T14:26:12-08:00,0,14
style.css,159,css,00000000,Not Committed Yet,2025-11-07,14:26:12,-08:00,2025-11-07T14:26:12-08:00,1,12
style.css,160,css,00000000,Not Committed Yet,2025-11-07,14:26:12,-08:00,2025-11-07T14:26:12-08:00,1,21
style.css,161,css,00000000,Not Committed Yet,2025-11-07,14:26:12,-08:00,2025-11-07T14:26:12-08:00,1,22
style.css,162,css,00000000,Not Committed Yet,2025-11-07,14:26:12,-08:00,2025-11-07T14:26:12-08:00,1,9
style.css,163,css,00000000,Not Committed Yet,2025-11-07,14:26:12,-08:00,2025-11-07T14:26:12-08:00,1,18
style.css,164,css,00000000,Not Committed Yet,2025-11-07,14:26:12,-08:00,2025-11-07T14:26:12-08:00,0,0
style.css,165,css,00000000,Not Committed Yet,2025-11-07,14:26:12,-08:00,2025-11-07T14:26:12-08:00,0,0
style.css,166,css,00000000,Not Committed Yet,2025-11-07,14:26:12,-08:00,2025-11-07T14:26:12-08:00,0,14
style.css,167,css,00000000,Not Committed Yet,2025-11-07,14:26:12,-08:00,2025-11-07T14:26:12-08:00,1,39
style.css,168,css,00000000,Not Committed Yet,2025-11-07,14:26:12,-08:00,2025-11-07T14:26:12-08:00,1,17
style.css,169,css,00000000,Not Committed Yet,2025-11-07,14:26:12,-08:00,2025-11-07T14:26:12-08:00,1,34
style.css,170,css,00000000,Not Committed Yet,2025-11-07,14:26:12,-08:00,2025-11-07T14:26:12-08:00,1,31
style.css,171,css,00000000,Not Committed Yet,2025-11-07,14:26:12,-08:00,2025-11-07T14:26:12-08:00,1,18
style.css,172,css,00000000,Not Committed Yet,2025-11-07,14:26:12,-08:00,2025-11-07T14:26:12-08:00,0,0
style.css,173,css,00000000,Not Committed Yet,2025-11-07,14:26:12,-08:00,2025-11-07T14:26:12-08:00,0,0
style.css,174,css,00000000,Not Committed Yet,2025-11-07,14:26:12,-08:00,2025-11-07T14:26:12-08:00,0,0
style.css,175,css,00000000,Not Committed Yet,2025-11-07,14:26:12,-08:00,2025-11-07T14:26:12-08:00,0,10
style.css,176,css,00000000,Not Committed Yet,2025-11-07,14:26:12,-08:00,2025-11-07T14:26:12-08:00,0,7
style.css,177,css,00000000,Not Committed Yet,2025-11-07,14:26:12,-08:00,2025-11-07T14:26:12-08:00,1,12
style.css,178,css,00000000,Not Committed Yet,2025-11-07,14:26:12,-08:00,2025-11-07T14:26:12-08:00,1,57
style.css,179,css,00000000,Not Committed Yet,2025-11-07,14:26:12,-08:00,2025-11-07T14:26:12-08:00,1,10
style.css,180,css,00000000,Not Committed Yet,2025-11-07,14:26:12,-08:00,2025-11-07T14:26:12-08:00,1,15
style.css,181,css,00000000,Not Committed Yet,2025-11-07,14:26:12,-08:00,2025-11-07T14:26:12-08:00,1,11
style.css,182,css,00000000,Not Committed Yet,2025-11-07,14:26:12,-08:00,2025-11-07T14:26:12-08:00,1,12
style.css,183,css,00000000,Not Committed Yet,2025-11-07,14:26:12,-08:00,2025-11-07T14:26:12-08:00,1,21
style.css,184,css,00000000,Not Committed Yet,2025-11-07,14:26:12,-08:00,2025-11-07T14:26:12-08:00,1,19
style.css,185,css,00000000,Not Committed Yet,2025-11-07,14:26:12,-08:00,2025-11-07T14:26:12-08:00,1,14
style.css,186,css,00000000,Not Committed Yet,2025-11-07,14:26:12,-08:00,2025-11-07T14:26:12-08:00,0,0
style.css,187,css,00000000,Not Committed Yet,2025-11-07,14:26:12,-08:00,2025-11-07T14:26:12-08:00,0,0
style.css,188,css,00000000,Not Committed Yet,2025-11-07,14:26:12,-08:00,2025-11-07T14:26:12-08:00,0,25
style.css,189,css,00000000,Not Committed Yet,2025-11-07,14:26:12,-08:00,2025-11-07T14:26:12-08:00,0,10
style.css,190,css,00000000,Not Committed Yet,2025-11-07,14:26:12,-08:00,2025-11-07T14:26:12-08:00,1,12
style.css,191,css,00000000,Not Committed Yet,2025-11-07,14:26:12,-08:00,2025-11-07T14:26:12-08:00,1,18
style.css,192,css,00000000,Not Committed Yet,2025-11-07,14:26:12,-08:00,2025-11-07T14:26:12-08:00,1,9
style.css,193,css,00000000,Not Committed Yet,2025-11-07,14:26:12,-08:00,2025-11-07T14:26:12-08:00,1,13
style.css,194,css,00000000,Not Committed Yet,2025-11-07,14:26:12,-08:00,2025-11-07T14:26:12-08:00,0,0
style.css,195,css,00000000,Not Committed Yet,2025-11-07,14:26:12,-08:00,2025-11-07T14:26:12-08:00,0,0
style.css,196,css,00000000,Not Committed Yet,2025-11-07,14:26:12,-08:00,2025-11-07T14:26:12-08:00,0,20
style.css,197,css,00000000,Not Committed Yet,2025-11-07,14:26:12,-08:00,2025-11-07T14:26:12-08:00,0,15
style.css,198,css,00000000,Not Committed Yet,2025-11-07,14:26:12,-08:00,2025-11-07T14:26:12-08:00,1,9
style.css,199,css,00000000,Not Committed Yet,2025-11-07,14:26:12,-08:00,2025-11-07T14:26:12-08:00,1,10
style.css,200,css,00000000,Not Committed Yet,2025-11-07,14:26:12,-08:00,2025-11-07T14:26:12-08:00,1,18
style.css,201,css,00000000,Not Committed Yet,2025-11-07,14:26:12,-08:00,2025-11-07T14:26:12-08:00,1,23
style.css,202,css,00000000,Not Committed Yet,2025-11-07,14:26:12,-08:00,2025-11-07T14:26:12-08:00,1,19
style.css,203,css,00000000,Not Committed Yet,2025-11-07,14:26:12,-08:00,2025-11-07T14:26:12-08:00,1,20
style.css,204,css,00000000,Not Committed Yet,2025-11-07,14:26:12,-08:00,2025-11-07T14:26:12-08:00,0,0
style.css,205,css,00000000,Not Committed Yet,2025-11-07,14:26:12,-08:00,2025-11-07T14:26:12-08:00,0,0
style.css,206,css,00000000,Not Committed Yet,2025-11-07,14:26:12,-08:00,2025-11-07T14:26:12-08:00,0,7
style.css,207,css,00000000,Not Committed Yet,2025-11-07,14:26:12,-08:00,2025-11-07T14:26:12-08:00,0,10
style.css,208,css,00000000,Not Committed Yet,2025-11-07,14:26:12,-08:00,2025-11-07T14:26:12-08:00,1,12
style.css,209,css,00000000,Not Committed Yet,2025-11-07,14:26:12,-08:00,2025-11-07T14:26:12-08:00,1,41
style.css,210,css,00000000,Not Committed Yet,2025-11-07,14:26:12,-08:00,2025-11-07T14:26:12-08:00,1,55
style.css,211,css,00000000,Not Committed Yet,2025-11-07,14:26:12,-08:00,2025-11-07T14:26:12-08:00,1,49
style.css,212,css,00000000,Not Committed Yet,2025-11-07,14:26:12,-08:00,2025-11-07T14:26:12-08:00,0,0
style.css,213,css,00000000,Not Committed Yet,2025-11-07,14:26:12,-08:00,2025-11-07T14:26:12-08:00,0,0
style.css,214,css,00000000,Not Committed Yet,2025-11-07,14:26:12,-08:00,2025-11-07T14:26:12-08:00,0,57
style.css,215,css,00000000,Not Committed Yet,2025-11-07,14:26:12,-08:00,2025-11-07T14:26:12-08:00,0,14
style.css,216,css,00000000,Not Committed Yet,2025-11-07,14:26:12,-08:00,2025-11-07T14:26:12-08:00,1,11
style.css,217,css,00000000,Not Committed Yet,2025-11-07,14:26:12,-08:00,2025-11-07T14:26:12-08:00,1,12
style.css,218,css,00000000,Not Committed Yet,2025-11-07,14:26:12,-08:00,2025-11-07T14:26:12-08:00,0,0
style.css,219,css,00000000,Not Committed Yet,2025-11-07,14:26:12,-08:00,2025-11-07T14:26:12-08:00,0,0
style.css,220,css,00000000,Not Committed Yet,2025-11-07,14:26:12,-08:00,2025-11-07T14:26:12-08:00,0,46
style.css,221,css,00000000,Not Committed Yet,2025-11-07,14:26:12,-08:00,2025-11-07T14:26:12-08:00,0,18
style.css,222,css,00000000,Not Committed Yet,2025-11-07,14:26:12,-08:00,2025-11-07T14:26:12-08:00,1,6
style.css,223,css,00000000,Not Committed Yet,2025-11-07,14:26:12,-08:00,2025-11-07T14:26:12-08:00,0,0
style.css,224,css,00000000,Not Committed Yet,2025-11-07,14:26:12,-08:00,2025-11-07T14:26:12-08:00,0,0
style.css,225,css,00000000,Not Committed Yet,2025-11-07,14:26:12,-08:00,2025-11-07T14:26:12-08:00,0,0
style.css,226,css,00000000,Not Committed Yet,2025-11-07,14:26:12,-08:00,2025-11-07T14:26:12-08:00,0,7
style.css,227,css,00000000,Not Committed Yet,2025-11-07,14:26:12,-08:00,2025-11-07T14:26:12-08:00,0,0
style.css,228,css,00000000,Not Committed Yet,2025-11-07,14:26:12,-08:00,2025-11-07T14:26:12-08:00,0,51
style.css,229,css,00000000,Not Committed Yet,2025-11-07,14:26:12,-08:00,2025-11-07T14:26:12-08:00,1,11
style.css,230,css,00000000,Not Committed Yet,2025-11-07,14:26:12,-08:00,2025-11-07T14:26:12-08:00,0,0
style.css,231,css,00000000,Not Committed Yet,2025-11-07,14:26:12,-08:00,2025-11-07T14:26:12-08:00,0,0
style.css,232,css,00000000,Not Committed Yet,2025-11-07,14:26:12,-08:00,2025-11-07T14:26:12-08:00,0,23
style.css,233,css,00000000,Not Committed Yet,2025-11-07,14:26:12,-08:00,2025-11-07T14:26:12-08:00,1,24
style.css,234,css,00000000,Not Committed Yet,2025-11-07,14:26:12,-08:00,2025-11-07T14:26:12-08:00,1,14
style.css,235,css,00000000,Not Committed Yet,2025-11-07,14:26:12,-08:00,2025-11-07T14:26:12-08:00,0,0
style.css,236,css,00000000,Not Committed Yet,2025-11-07,14:26:12,-08:00,2025-11-07T14:26:12-08:00,0,0
index.js,1,js,5ca8e545,Bryan,2025-10-25,23:33:23,-07:00,2025-10-25T23:33:23-07:00,0,54
index.js,2,js,5ca8e545,Bryan,2025-10-25,23:33:23,-07:00,2025-10-25T23:33:23-07:00,0,44
index.js,3,js,5ca8e545,Bryan,2025-10-25,23:33:23,-07:00,2025-10-25T23:33:23-07:00,0,0
index.js,4,js,5ca8e545,Bryan,2025-10-25,23:33:23,-07:00,2025-10-25T23:33:23-07:00,0,0
index.js,5,js,5ca8e545,Bryan,2025-10-25,23:33:23,-07:00,2025-10-25T23:33:23-07:00,0,54
index.js,6,js,b7fca31d,Bryan,2025-10-26,00:11:26,-07:00,2025-10-26T00:11:26-07:00,0,42
index.js,7,js,5ca8e545,Bryan,2025-10-25,23:33:23,-07:00,2025-10-25T23:33:23-07:00,0,0
index.js,8,js,5ca8e545,Bryan,2025-10-25,23:33:23,-07:00,2025-10-25T23:33:23-07:00,0,60
index.js,9,js,5ca8e545,Bryan,2025-10-25,23:33:23,-07:00,2025-10-25T23:33:23-07:00,0,54
index.js,10,js,5ca8e545,Bryan,2025-10-25,23:33:23,-07:00,2025-10-25T23:33:23-07:00,0,0
index.js,11,js,5ca8e545,Bryan,2025-10-25,23:33:23,-07:00,2025-10-25T23:33:23-07:00,0,0
index.js,12,js,5ca8e545,Bryan,2025-10-25,23:33:23,-07:00,2025-10-25T23:33:23-07:00,0,51
index.js,13,js,5ca8e545,Bryan,2025-10-25,23:33:23,-07:00,2025-10-25T23:33:23-07:00,0,22
index.js,14,js,5ca8e545,Bryan,2025-10-25,23:33:23,-07:00,2025-10-25T23:33:23-07:00,0,0
index.js,15,js,5ca8e545,Bryan,2025-10-25,23:33:23,-07:00,2025-10-25T23:33:23-07:00,0,60
index.js,16,js,5ca8e545,Bryan,2025-10-25,23:33:23,-07:00,2025-10-25T23:33:23-07:00,0,0
index.js,17,js,5ca8e545,Bryan,2025-10-25,23:33:23,-07:00,2025-10-25T23:33:23-07:00,0,0
index.js,18,js,5ca8e545,Bryan,2025-10-25,23:33:23,-07:00,2025-10-25T23:33:23-07:00,0,17
index.js,19,js,5ca8e545,Bryan,2025-10-25,23:33:23,-07:00,2025-10-25T23:33:23-07:00,1,24
index.js,20,js,5ca8e545,Bryan,2025-10-25,23:33:23,-07:00,2025-10-25T23:33:23-07:00,2,2
index.js,21,js,5ca8e545,Bryan,2025-10-25,23:33:23,-07:00,2025-10-25T23:33:23-07:00,3,55
index.js,22,js,5ca8e545,Bryan,2025-10-25,23:33:23,-07:00,2025-10-25T23:33:23-07:00,3,55
index.js,23,js,5ca8e545,Bryan,2025-10-25,23:33:23,-07:00,2025-10-25T23:33:23-07:00,3,49
index.js,24,js,5ca8e545,Bryan,2025-10-25,23:33:23,-07:00,2025-10-25T23:33:23-07:00,3,49
index.js,25,js,5ca8e545,Bryan,2025-10-25,23:33:23,-07:00,2025-10-25T23:33:23-07:00,2,3
index.js,26,js,5ca8e545,Bryan,2025-10-25,23:33:23,-07:00,2025-10-25T23:33:23-07:00,1,0
index.js,27,js,5ca8e545,Bryan,2025-10-25,23:33:23,-07:00,2025-10-25T23:33:23-07:00,0,0
index.html,1,html,7107823f,Bryan,2025-10-04,21:46:08,-07:00,2025-10-04T21:46:08-07:00,0,13
index.html,2,html,7107823f,Bryan,2025-10-04,21:46:08,-07:00,2025-10-04T21:46:08-07:00,0,14
index.html,3,html,7107823f,Bryan,2025-10-04,21:46:08,-07:00,2025-10-04T21:46:08-07:00,0,4
index.html,4,html,89571fcf,Bryan,2025-10-04,22:24:18,-07:00,2025-10-04T22:24:18-07:00,0,0
index.html,5,html,7107823f,Bryan,2025-10-04,21:46:08,-07:00,2025-10-04T21:46:08-07:00,2,20
index.html,6,html,7107823f,Bryan,2025-10-04,21:46:08,-07:00,2025-10-04T21:46:08-07:00,2,68
index.html,7,html,7107823f,Bryan,2025-10-04,21:46:08,-07:00,2025-10-04T21:46:08-07:00,2,32
index.html,8,html,89571fcf,Bryan,2025-10-04,22:24:18,-07:00,2025-10-04T22:24:18-07:00,2,40
index.html,9,html,7107823f,Bryan,2025-10-04,21:46:08,-07:00,2025-10-04T21:46:08-07:00,0,0
index.html,10,html,7107823f,Bryan,2025-10-04,21:46:08,-07:00,2025-10-04T21:46:08-07:00,0,5
index.html,11,html,7107823f,Bryan,2025-10-04,21:46:08,-07:00,2025-10-04T21:46:08-07:00,0,4
index.html,12,html,14706b1c,Bryan,2025-10-17,22:35:56,-07:00,2025-10-17T22:35:56-07:00,0,8
index.html,13,html,9fc891ce,Bryan,2025-10-04,22:33:40,-07:00,2025-10-04T22:33:40-07:00,1,29
index.html,14,html,9fc891ce,Bryan,2025-10-04,22:33:40,-07:00,2025-10-04T22:33:40-07:00,1,42
index.html,15,html,9fc891ce,Bryan,2025-10-04,22:33:40,-07:00,2025-10-04T22:33:40-07:00,1,40
index.html,16,html,01ece718,Bryan,2025-10-04,23:23:27,-07:00,2025-10-04T23:23:27-07:00,1,64
index.html,17,html,01ece718,Bryan,2025-10-04,23:23:27,-07:00,2025-10-04T23:23:27-07:00,1,36
index.html,18,html,14706b1c,Bryan,2025-10-17,22:35:56,-07:00,2025-10-17T22:35:56-07:00,0,8
index.html,19,html,551fe3a4,Bryan,2025-10-10,16:53:55,-07:00,2025-10-10T16:53:55-07:00,2,31
index.html,20,html,5ca8e545,Bryan,2025-10-25,23:33:23,-07:00,2025-10-25T23:33:23-07:00,0,0
index.html,21,html,5ca8e545,Bryan,2025-10-25,23:33:23,-07:00,2025-10-25T23:33:23-07:00,2,22
index.html,22,html,551fe3a4,Bryan,2025-10-10,16:53:55,-07:00,2025-10-10T16:53:55-07:00,2,20
index.html,23,html,5ca8e545,Bryan,2025-10-25,23:33:23,-07:00,2025-10-25T23:33:23-07:00,4,43
index.html,24,html,551fe3a4,Bryan,2025-10-10,16:53:55,-07:00,2025-10-10T16:53:55-07:00,2,4
index.html,25,html,5ca8e545,Bryan,2025-10-25,23:33:23,-07:00,2025-10-25T23:33:23-07:00,0,0
index.html,26,html,ae2f9507,Bryan,2025-10-04,22:07:58,-07:00,2025-10-04T22:07:58-07:00,2,42
index.html,27,html,ae2f9507,Bryan,2025-10-04,22:07:58,-07:00,2025-10-04T22:07:58-07:00,0,0
index.html,28,html,5ca8e545,Bryan,2025-10-25,23:33:23,-07:00,2025-10-25T23:33:23-07:00,2,22
index.html,29,html,5ca8e545,Bryan,2025-10-25,23:33:23,-07:00,2025-10-25T23:33:23-07:00,2,22
index.html,30,html,5ca8e545,Bryan,2025-10-25,23:33:23,-07:00,2025-10-25T23:33:23-07:00,4,42
index.html,31,html,5ca8e545,Bryan,2025-10-25,23:33:23,-07:00,2025-10-25T23:33:23-07:00,2,4
index.html,32,html,5ca8e545,Bryan,2025-10-25,23:33:23,-07:00,2025-10-25T23:33:23-07:00,0,0
index.html,33,html,551fe3a4,Bryan,2025-10-10,16:53:55,-07:00,2025-10-10T16:53:55-07:00,0,8
index.html,34,html,14706b1c,Bryan,2025-10-17,22:35:56,-07:00,2025-10-17T22:35:56-07:00,0,0
index.html,35,html,5ca8e545,Bryan,2025-10-25,23:33:23,-07:00,2025-10-25T23:33:23-07:00,0,47
index.html,36,html,5ca8e545,Bryan,2025-10-25,23:33:23,-07:00,2025-10-25T23:33:23-07:00,0,52
index.html,37,html,5ca8e545,Bryan,2025-10-25,23:33:23,-07:00,2025-10-25T23:33:23-07:00,0,0
index.html,38,html,7107823f,Bryan,2025-10-04,21:46:08,-07:00,2025-10-04T21:46:08-07:00,0,5
index.html,39,html,7107823f,Bryan,2025-10-04,21:46:08,-07:00,2025-10-04T21:46:08-07:00,0,5
global.js,1,js,14706b1c,Bryan,2025-10-17,22:35:56,-07:00,2025-10-17T22:35:56-07:00,0,25
global.js,2,js,14706b1c,Bryan,2025-10-17,22:35:56,-07:00,2025-10-17T22:35:56-07:00,0,0
global.js,3,js,14706b1c,Bryan,2025-10-17,22:35:56,-07:00,2025-10-17T22:35:56-07:00,0,41
global.js,4,js,14706b1c,Bryan,2025-10-17,22:35:56,-07:00,2025-10-17T22:35:56-07:00,1,52
global.js,5,js,14706b1c,Bryan,2025-10-17,22:35:56,-07:00,2025-10-17T22:35:56-07:00,0,0
global.js,6,js,14706b1c,Bryan,2025-10-17,22:35:56,-07:00,2025-10-17T22:35:56-07:00,0,0
global.js,7,js,14706b1c,Bryan,2025-10-17,22:35:56,-07:00,2025-10-17T22:35:56-07:00,0,6
global.js,8,js,14706b1c,Bryan,2025-10-17,22:35:56,-07:00,2025-10-17T22:35:56-07:00,0,30
global.js,9,js,14706b1c,Bryan,2025-10-17,22:35:56,-07:00,2025-10-17T22:35:56-07:00,0,0
global.js,10,js,14706b1c,Bryan,2025-10-17,22:35:56,-07:00,2025-10-17T22:35:56-07:00,0,6
global.js,11,js,14706b1c,Bryan,2025-10-17,22:35:56,-07:00,2025-10-17T22:35:56-07:00,0,33
global.js,12,js,14706b1c,Bryan,2025-10-17,22:35:56,-07:00,2025-10-17T22:35:56-07:00,0,71
global.js,13,js,14706b1c,Bryan,2025-10-17,22:35:56,-07:00,2025-10-17T22:35:56-07:00,0,3
global.js,14,js,14706b1c,Bryan,2025-10-17,22:35:56,-07:00,2025-10-17T22:35:56-07:00,0,0
global.js,15,js,14706b1c,Bryan,2025-10-17,22:35:56,-07:00,2025-10-17T22:35:56-07:00,0,6
global.js,16,js,14706b1c,Bryan,2025-10-17,22:35:56,-07:00,2025-10-17T22:35:56-07:00,0,19
global.js,17,js,14706b1c,Bryan,2025-10-17,22:35:56,-07:00,2025-10-17T22:35:56-07:00,0,39
global.js,18,js,14706b1c,Bryan,2025-10-17,22:35:56,-07:00,2025-10-17T22:35:56-07:00,0,40
global.js,19,js,14706b1c,Bryan,2025-10-17,22:35:56,-07:00,2025-10-17T22:35:56-07:00,0,2
global.js,20,js,14706b1c,Bryan,2025-10-17,22:35:56,-07:00,2025-10-17T22:35:56-07:00,0,0
global.js,21,js,14706b1c,Bryan,2025-10-17,22:35:56,-07:00,2025-10-17T22:35:56-07:00,0,0
global.js,22,js,14706b1c,Bryan,2025-10-17,22:35:56,-07:00,2025-10-17T22:35:56-07:00,0,3
global.js,23,js,14706b1c,Bryan,2025-10-17,22:35:56,-07:00,2025-10-17T22:35:56-07:00,0,0
global.js,24,js,14706b1c,Bryan,2025-10-17,22:35:56,-07:00,2025-10-17T22:35:56-07:00,0,88
global.js,25,js,14706b1c,Bryan,2025-10-17,22:35:56,-07:00,2025-10-17T22:35:56-07:00,1,36
global.js,26,js,14706b1c,Bryan,2025-10-17,22:35:56,-07:00,2025-10-17T22:35:56-07:00,1,48
global.js,27,js,14706b1c,Bryan,2025-10-17,22:35:56,-07:00,2025-10-17T22:35:56-07:00,0,0
global.js,28,js,14706b1c,Bryan,2025-10-17,22:35:56,-07:00,2025-10-17T22:35:56-07:00,0,0
global.js,29,js,14706b1c,Bryan,2025-10-17,22:35:56,-07:00,2025-10-17T22:35:56-07:00,0,11
global.js,30,js,14706b1c,Bryan,2025-10-17,22:35:56,-07:00,2025-10-17T22:35:56-07:00,1,25
global.js,31,js,14706b1c,Bryan,2025-10-17,22:35:56,-07:00,2025-10-17T22:35:56-07:00,1,37
global.js,32,js,14706b1c,Bryan,2025-10-17,22:35:56,-07:00,2025-10-17T22:35:56-07:00,1,35
global.js,33,js,14706b1c,Bryan,2025-10-17,22:35:56,-07:00,2025-10-17T22:35:56-07:00,1,33
global.js,34,js,00000000,Not Committed Yet,2025-11-07,14:26:12,-08:00,2025-11-07T14:26:12-08:00,1,30
global.js,35,js,14706b1c,Bryan,2025-10-17,22:35:56,-07:00,2025-10-17T22:35:56-07:00,1,53
global.js,36,js,14706b1c,Bryan,2025-10-17,22:35:56,-07:00,2025-10-17T22:35:56-07:00,0,0
global.js,37,js,14706b1c,Bryan,2025-10-17,22:35:56,-07:00,2025-10-17T22:35:56-07:00,0,0
global.js,38,js,14706b1c,Bryan,2025-10-17,22:35:56,-07:00,2025-10-17T22:35:56-07:00,0,38
global.js,39,js,14706b1c,Bryan,2025-10-17,22:35:56,-07:00,2025-10-17T22:35:56-07:00,0,25
global.js,40,js,14706b1c,Bryan,2025-10-17,22:35:56,-07:00,2025-10-17T22:35:56-07:00,0,0
global.js,41,js,14706b1c,Bryan,2025-10-17,22:35:56,-07:00,2025-10-17T22:35:56-07:00,0,20
global.js,42,js,14706b1c,Bryan,2025-10-17,22:35:56,-07:00,2025-10-17T22:35:56-07:00,1,14
global.js,43,js,14706b1c,Bryan,2025-10-17,22:35:56,-07:00,2025-10-17T22:35:56-07:00,1,18
global.js,44,js,14706b1c,Bryan,2025-10-17,22:35:56,-07:00,2025-10-17T22:35:56-07:00,0,0
global.js,45,js,14706b1c,Bryan,2025-10-17,22:35:56,-07:00,2025-10-17T22:35:56-07:00,1,28
global.js,46,js,14706b1c,Bryan,2025-10-17,22:35:56,-07:00,2025-10-17T22:35:56-07:00,1,20
global.js,47,js,14706b1c,Bryan,2025-10-17,22:35:56,-07:00,2025-10-17T22:35:56-07:00,2,0
global.js,48,js,14706b1c,Bryan,2025-10-17,22:35:56,-07:00,2025-10-17T22:35:56-07:00,0,0
global.js,49,js,14706b1c,Bryan,2025-10-17,22:35:56,-07:00,2025-10-17T22:35:56-07:00,0,0
global.js,50,js,14706b1c,Bryan,2025-10-17,22:35:56,-07:00,2025-10-17T22:35:56-07:00,2,34
global.js,51,js,14706b1c,Bryan,2025-10-17,22:35:56,-07:00,2025-10-17T22:35:56-07:00,2,11
global.js,52,js,14706b1c,Bryan,2025-10-17,22:35:56,-07:00,2025-10-17T22:35:56-07:00,2,20
global.js,53,js,14706b1c,Bryan,2025-10-17,22:35:56,-07:00,2025-10-17T22:35:56-07:00,0,0
global.js,54,js,14706b1c,Bryan,2025-10-17,22:35:56,-07:00,2025-10-17T22:35:56-07:00,2,37
global.js,55,js,14706b1c,Bryan,2025-10-17,22:35:56,-07:00,2025-10-17T22:35:56-07:00,2,17
global.js,56,js,14706b1c,Bryan,2025-10-17,22:35:56,-07:00,2025-10-17T22:35:56-07:00,4,8
global.js,57,js,14706b1c,Bryan,2025-10-17,22:35:56,-07:00,2025-10-17T22:35:56-07:00,4,58
global.js,58,js,14706b1c,Bryan,2025-10-17,22:35:56,-07:00,2025-10-17T22:35:56-07:00,2,0
global.js,59,js,14706b1c,Bryan,2025-10-17,22:35:56,-07:00,2025-10-17T22:35:56-07:00,0,0
global.js,60,js,14706b1c,Bryan,2025-10-17,22:35:56,-07:00,2025-10-17T22:35:56-07:00,2,33
global.js,61,js,14706b1c,Bryan,2025-10-17,22:35:56,-07:00,2025-10-17T22:35:56-07:00,2,29
global.js,62,js,14706b1c,Bryan,2025-10-17,22:35:56,-07:00,2025-10-17T22:35:56-07:00,4,18
global.js,63,js,14706b1c,Bryan,2025-10-17,22:35:56,-07:00,2025-10-17T22:35:56-07:00,2,0
global.js,64,js,14706b1c,Bryan,2025-10-17,22:35:56,-07:00,2025-10-17T22:35:56-07:00,0,0
global.js,65,js,14706b1c,Bryan,2025-10-17,22:35:56,-07:00,2025-10-17T22:35:56-07:00,2,11
global.js,66,js,14706b1c,Bryan,2025-10-17,22:35:56,-07:00,2025-10-17T22:35:56-07:00,2,12
global.js,67,js,14706b1c,Bryan,2025-10-17,22:35:56,-07:00,2025-10-17T22:35:56-07:00,2,16
global.js,68,js,14706b1c,Bryan,2025-10-17,22:35:56,-07:00,2025-10-17T22:35:56-07:00,0,0
global.js,69,js,14706b1c,Bryan,2025-10-17,22:35:56,-07:00,2025-10-17T22:35:56-07:00,0,0
global.js,70,js,14706b1c,Bryan,2025-10-17,22:35:56,-07:00,2025-10-17T22:35:56-07:00,0,0
global.js,71,js,14706b1c,Bryan,2025-10-17,22:35:56,-07:00,2025-10-17T22:35:56-07:00,0,0
global.js,72,js,14706b1c,Bryan,2025-10-17,22:35:56,-07:00,2025-10-17T22:35:56-07:00,0,0
global.js,73,js,14706b1c,Bryan,2025-10-17,22:35:56,-07:00,2025-10-17T22:35:56-07:00,0,3
global.js,74,js,14706b1c,Bryan,2025-10-17,22:35:56,-07:00,2025-10-17T22:35:56-07:00,0,31
global.js,75,js,14706b1c,Bryan,2025-10-17,22:35:56,-07:00,2025-10-17T22:35:56-07:00,1,11
global.js,76,js,14706b1c,Bryan,2025-10-17,22:35:56,-07:00,2025-10-17T22:35:56-07:00,1,0
global.js,77,js,14706b1c,Bryan,2025-10-17,22:35:56,-07:00,2025-10-17T22:35:56-07:00,0,26
global.js,78,js,14706b1c,Bryan,2025-10-17,22:35:56,-07:00,2025-10-17T22:35:56-07:00,0,4
global.js,79,js,14706b1c,Bryan,2025-10-17,22:35:56,-07:00,2025-10-17T22:35:56-07:00,0,24
global.js,80,js,14706b1c,Bryan,2025-10-17,22:35:56,-07:00,2025-10-17T22:35:56-07:00,0,43
global.js,81,js,14706b1c,Bryan,2025-10-17,22:35:56,-07:00,2025-10-17T22:35:56-07:00,3,34
global.js,82,js,14706b1c,Bryan,2025-10-17,22:35:56,-07:00,2025-10-17T22:35:56-07:00,3,32
global.js,83,js,14706b1c,Bryan,2025-10-17,22:35:56,-07:00,2025-10-17T22:35:56-07:00,0,7
global.js,84,js,14706b1c,Bryan,2025-10-17,22:35:56,-07:00,2025-10-17T22:35:56-07:00,0,8
global.js,85,js,14706b1c,Bryan,2025-10-17,22:35:56,-07:00,2025-10-17T22:35:56-07:00,0,0
global.js,86,js,14706b1c,Bryan,2025-10-17,22:35:56,-07:00,2025-10-17T22:35:56-07:00,0,23
global.js,87,js,14706b1c,Bryan,2025-10-17,22:35:56,-07:00,2025-10-17T22:35:56-07:00,0,58
global.js,88,js,14706b1c,Bryan,2025-10-17,22:35:56,-07:00,2025-10-17T22:35:56-07:00,0,0
global.js,89,js,14706b1c,Bryan,2025-10-17,22:35:56,-07:00,2025-10-17T22:35:56-07:00,0,53
global.js,90,js,14706b1c,Bryan,2025-10-17,22:35:56,-07:00,2025-10-17T22:35:56-07:00,0,45
global.js,91,js,14706b1c,Bryan,2025-10-17,22:35:56,-07:00,2025-10-17T22:35:56-07:00,1,58
global.js,92,js,14706b1c,Bryan,2025-10-17,22:35:56,-07:00,2025-10-17T22:35:56-07:00,0,1
global.js,93,js,14706b1c,Bryan,2025-10-17,22:35:56,-07:00,2025-10-17T22:35:56-07:00,0,0
global.js,94,js,14706b1c,Bryan,2025-10-17,22:35:56,-07:00,2025-10-17T22:35:56-07:00,0,3
global.js,95,js,14706b1c,Bryan,2025-10-17,22:35:56,-07:00,2025-10-17T22:35:56-07:00,0,53
global.js,96,js,14706b1c,Bryan,2025-10-17,22:35:56,-07:00,2025-10-17T22:35:56-07:00,0,0
global.js,97,js,14706b1c,Bryan,2025-10-17,22:35:56,-07:00,2025-10-17T22:35:56-07:00,0,43
global.js,98,js,14706b1c,Bryan,2025-10-17,22:35:56,-07:00,2025-10-17T22:35:56-07:00,1,57
global.js,99,js,14706b1c,Bryan,2025-10-17,22:35:56,-07:00,2025-10-17T22:35:56-07:00,1,31
global.js,100,js,14706b1c,Bryan,2025-10-17,22:35:56,-07:00,2025-10-17T22:35:56-07:00,1,77
global.js,101,js,14706b1c,Bryan,2025-10-17,22:35:56,-07:00,2025-10-17T22:35:56-07:00,0,1
global.js,102,js,14706b1c,Bryan,2025-10-17,22:35:56,-07:00,2025-10-17T22:35:56-07:00,0,0
global.js,103,js,14706b1c,Bryan,2025-10-17,22:35:56,-07:00,2025-10-17T22:35:56-07:00,0,3
global.js,104,js,14706b1c,Bryan,2025-10-17,22:35:56,-07:00,2025-10-17T22:35:56-07:00,0,0
global.js,105,js,14706b1c,Bryan,2025-10-17,22:35:56,-07:00,2025-10-17T22:35:56-07:00,0,40
global.js,106,js,14706b1c,Bryan,2025-10-17,22:35:56,-07:00,2025-10-17T22:35:56-07:00,0,31
global.js,107,js,14706b1c,Bryan,2025-10-17,22:35:56,-07:00,2025-10-17T22:35:56-07:00,1,65
global.js,108,js,14706b1c,Bryan,2025-10-17,22:35:56,-07:00,2025-10-17T22:35:56-07:00,1,25
global.js,109,js,14706b1c,Bryan,2025-10-17,22:35:56,-07:00,2025-10-17T22:35:56-07:00,0,0
global.js,110,js,14706b1c,Bryan,2025-10-17,22:35:56,-07:00,2025-10-17T22:35:56-07:00,0,0
global.js,111,js,14706b1c,Bryan,2025-10-17,22:35:56,-07:00,2025-10-17T22:35:56-07:00,0,49
global.js,112,js,14706b1c,Bryan,2025-10-17,22:35:56,-07:00,2025-10-17T22:35:56-07:00,0,34
global.js,113,js,14706b1c,Bryan,2025-10-17,22:35:56,-07:00,2025-10-17T22:35:56-07:00,1,39
global.js,114,js,14706b1c,Bryan,2025-10-17,22:35:56,-07:00,2025-10-17T22:35:56-07:00,0,0
global.js,115,js,14706b1c,Bryan,2025-10-17,22:35:56,-07:00,2025-10-17T22:35:56-07:00,0,0
global.js,116,js,14706b1c,Bryan,2025-10-17,22:35:56,-07:00,2025-10-17T22:35:56-07:00,0,30
global.js,117,js,14706b1c,Bryan,2025-10-17,22:35:56,-07:00,2025-10-17T22:35:56-07:00,0,48
global.js,118,js,14706b1c,Bryan,2025-10-17,22:35:56,-07:00,2025-10-17T22:35:56-07:00,1,35
global.js,119,js,14706b1c,Bryan,2025-10-17,22:35:56,-07:00,2025-10-17T22:35:56-07:00,1,24
global.js,120,js,14706b1c,Bryan,2025-10-17,22:35:56,-07:00,2025-10-17T22:35:56-07:00,1,35
global.js,121,js,14706b1c,Bryan,2025-10-17,22:35:56,-07:00,2025-10-17T22:35:56-07:00,0,1
global.js,122,js,14706b1c,Bryan,2025-10-17,22:35:56,-07:00,2025-10-17T22:35:56-07:00,0,0
global.js,123,js,a3729e40,Bryan,2025-10-17,22:48:18,-07:00,2025-10-17T22:48:18-07:00,0,3
global.js,124,js,14706b1c,Bryan,2025-10-17,22:35:56,-07:00,2025-10-17T22:35:56-07:00,0,0
global.js,125,js,14706b1c,Bryan,2025-10-17,22:35:56,-07:00,2025-10-17T22:35:56-07:00,0,0
global.js,126,js,5ca8e545,Bryan,2025-10-25,23:33:23,-07:00,2025-10-25T23:33:23-07:00,0,8
global.js,127,js,5ca8e545,Bryan,2025-10-25,23:33:23,-07:00,2025-10-25T23:33:23-07:00,0,0
global.js,128,js,5ca8e545,Bryan,2025-10-25,23:33:23,-07:00,2025-10-25T23:33:23-07:00,0,36
global.js,129,js,5ca8e545,Bryan,2025-10-25,23:33:23,-07:00,2025-10-25T23:33:23-07:00,1,3
global.js,130,js,5ca8e545,Bryan,2025-10-25,23:33:23,-07:00,2025-10-25T23:33:23-07:00,2,50
global.js,131,js,5ca8e545,Bryan,2025-10-25,23:33:23,-07:00,2025-10-25T23:33:23-07:00,2,32
global.js,132,js,5ca8e545,Bryan,2025-10-25,23:33:23,-07:00,2025-10-25T23:33:23-07:00,0,0
global.js,133,js,5ca8e545,Bryan,2025-10-25,23:33:23,-07:00,2025-10-25T23:33:23-07:00,2,32
global.js,134,js,5ca8e545,Bryan,2025-10-25,23:33:23,-07:00,2025-10-25T23:33:23-07:00,0,0
global.js,135,js,5ca8e545,Bryan,2025-10-25,23:33:23,-07:00,2025-10-25T23:33:23-07:00,2,41
global.js,136,js,5ca8e545,Bryan,2025-10-25,23:33:23,-07:00,2025-10-25T23:33:23-07:00,2,17
global.js,137,js,5ca8e545,Bryan,2025-10-25,23:33:23,-07:00,2025-10-25T23:33:23-07:00,3,66
global.js,138,js,5ca8e545,Bryan,2025-10-25,23:33:23,-07:00,2025-10-25T23:33:23-07:00,2,0
global.js,139,js,5ca8e545,Bryan,2025-10-25,23:33:23,-07:00,2025-10-25T23:33:23-07:00,0,0
global.js,140,js,5ca8e545,Bryan,2025-10-25,23:33:23,-07:00,2025-10-25T23:33:23-07:00,2,30
global.js,141,js,5ca8e545,Bryan,2025-10-25,23:33:23,-07:00,2025-10-25T23:33:23-07:00,2,33
global.js,142,js,5ca8e545,Bryan,2025-10-25,23:33:23,-07:00,2025-10-25T23:33:23-07:00,2,10
global.js,143,js,5ca8e545,Bryan,2025-10-25,23:33:23,-07:00,2025-10-25T23:33:23-07:00,0,0
global.js,144,js,5ca8e545,Bryan,2025-10-25,23:33:23,-07:00,2025-10-25T23:33:23-07:00,1,15
global.js,145,js,5ca8e545,Bryan,2025-10-25,23:33:23,-07:00,2025-10-25T23:33:23-07:00,2,59
global.js,146,js,5ca8e545,Bryan,2025-10-25,23:33:23,-07:00,2025-10-25T23:33:23-07:00,1,0
global.js,147,js,5ca8e545,Bryan,2025-10-25,23:33:23,-07:00,2025-10-25T23:33:23-07:00,0,0
global.js,148,js,5ca8e545,Bryan,2025-10-25,23:33:23,-07:00,2025-10-25T23:33:23-07:00,0,0
global.js,149,js,5ca8e545,Bryan,2025-10-25,23:33:23,-07:00,2025-10-25T23:33:23-07:00,0,0
global.js,150,js,5ca8e545,Bryan,2025-10-25,23:33:23,-07:00,2025-10-25T23:33:23-07:00,0,3
global.js,151,js,5ca8e545,Bryan,2025-10-25,23:33:23,-07:00,2025-10-25T23:33:23-07:00,0,72
global.js,152,js,5ca8e545,Bryan,2025-10-25,23:33:23,-07:00,2025-10-25T23:33:23-07:00,1,3
global.js,153,js,5ca8e545,Bryan,2025-10-25,23:33:23,-07:00,2025-10-25T23:33:23-07:00,2,15
global.js,154,js,5ca8e545,Bryan,2025-10-25,23:33:23,-07:00,2025-10-25T23:33:23-07:00,3,51
global.js,155,js,5ca8e545,Bryan,2025-10-25,23:33:23,-07:00,2025-10-25T23:33:23-07:00,3,5
global.js,156,js,5ca8e545,Bryan,2025-10-25,23:33:23,-07:00,2025-10-25T23:33:23-07:00,2,0
global.js,157,js,5ca8e545,Bryan,2025-10-25,23:33:23,-07:00,2025-10-25T23:33:23-07:00,2,29
global.js,158,js,5ca8e545,Bryan,2025-10-25,23:33:23,-07:00,2025-10-25T23:33:23-07:00,3,56
global.js,159,js,5ca8e545,Bryan,2025-10-25,23:33:23,-07:00,2025-10-25T23:33:23-07:00,3,5
global.js,160,js,5ca8e545,Bryan,2025-10-25,23:33:23,-07:00,2025-10-25T23:33:23-07:00,2,0
global.js,161,js,5ca8e545,Bryan,2025-10-25,23:33:23,-07:00,2025-10-25T23:33:23-07:00,2,43
global.js,162,js,5ca8e545,Bryan,2025-10-25,23:33:23,-07:00,2025-10-25T23:33:23-07:00,2,26
global.js,163,js,5ca8e545,Bryan,2025-10-25,23:33:23,-07:00,2025-10-25T23:33:23-07:00,3,57
global.js,164,js,5ca8e545,Bryan,2025-10-25,23:33:23,-07:00,2025-10-25T23:33:23-07:00,3,5
global.js,165,js,5ca8e545,Bryan,2025-10-25,23:33:23,-07:00,2025-10-25T23:33:23-07:00,2,0
global.js,166,js,5ca8e545,Bryan,2025-10-25,23:33:23,-07:00,2025-10-25T23:33:23-07:00,0,0
global.js,167,js,5ca8e545,Bryan,2025-10-25,23:33:23,-07:00,2025-10-25T23:33:23-07:00,2,43
global.js,168,js,5ca8e545,Bryan,2025-10-25,23:33:23,-07:00,2025-10-25T23:33:23-07:00,2,30
global.js,169,js,00000000,Not Committed Yet,2025-11-07,14:26:12,-08:00,2025-11-07T14:26:12-08:00,3,23
global.js,170,js,00000000,Not Committed Yet,2025-11-07,14:26:12,-08:00,2025-11-07T14:26:12-08:00,4,66
global.js,171,js,00000000,Not Committed Yet,2025-11-07,14:26:12,-08:00,2025-11-07T14:26:12-08:00,4,58
global.js,172,js,00000000,Not Committed Yet,2025-11-07,14:26:12,-08:00,2025-11-07T14:26:12-08:00,4,25
global.js,173,js,00000000,Not Committed Yet,2025-11-07,14:26:12,-08:00,2025-11-07T14:26:12-08:00,5,43
global.js,174,js,00000000,Not Committed Yet,2025-11-07,14:26:12,-08:00,2025-11-07T14:26:12-08:00,5,45
global.js,175,js,00000000,Not Committed Yet,2025-11-07,14:26:12,-08:00,2025-11-07T14:26:12-08:00,4,4
global.js,176,js,5ca8e545,Bryan,2025-10-25,23:33:23,-07:00,2025-10-25T23:33:23-07:00,3,8
global.js,177,js,5ca8e545,Bryan,2025-10-25,23:33:23,-07:00,2025-10-25T23:33:23-07:00,2,10
global.js,178,js,5ca8e545,Bryan,2025-10-25,23:33:23,-07:00,2025-10-25T23:33:23-07:00,0,0
global.js,179,js,5ca8e545,Bryan,2025-10-25,23:33:23,-07:00,2025-10-25T23:33:23-07:00,2,30
global.js,180,js,5ca8e545,Bryan,2025-10-25,23:33:23,-07:00,2025-10-25T23:33:23-07:00,2,25
global.js,181,js,5ca8e545,Bryan,2025-10-25,23:33:23,-07:00,2025-10-25T23:33:23-07:00,1,13
global.js,182,js,5ca8e545,Bryan,2025-10-25,23:33:23,-07:00,2025-10-25T23:33:23-07:00,2,42
global.js,183,js,5ca8e545,Bryan,2025-10-25,23:33:23,-07:00,2025-10-25T23:33:23-07:00,1,0
global.js,184,js,5ca8e545,Bryan,2025-10-25,23:33:23,-07:00,2025-10-25T23:33:23-07:00,0,0
global.js,185,js,5ca8e545,Bryan,2025-10-25,23:33:23,-07:00,2025-10-25T23:33:23-07:00,0,0
global.js,186,js,5ca8e545,Bryan,2025-10-25,23:33:23,-07:00,2025-10-25T23:33:23-07:00,0,0
global.js,187,js,5ca8e545,Bryan,2025-10-25,23:33:23,-07:00,2025-10-25T23:33:23-07:00,0,3
global.js,188,js,5ca8e545,Bryan,2025-10-25,23:33:23,-07:00,2025-10-25T23:33:23-07:00,0,47
global.js,189,js,5ca8e545,Bryan,2025-10-25,23:33:23,-07:00,2025-10-25T23:33:23-07:00,1,59
global.js,190,js,5ca8e545,Bryan,2025-10-25,23:33:23,-07:00,2025-10-25T23:33:23-07:00,0,0
global.js,191,js,5ca8e545,Bryan,2025-10-25,23:33:23,-07:00,2025-10-25T23:33:23-07:00,0,0
global.js,192,js,5ca8e545,Bryan,2025-10-25,23:33:23,-07:00,2025-10-25T23:33:23-07:00,0,0
global.js,193,js,5ca8e545,Bryan,2025-10-25,23:33:23,-07:00,2025-10-25T23:33:23-07:00,0,0
global.js,194,js,5ca8e545,Bryan,2025-10-25,23:33:23,-07:00,2025-10-25T23:33:23-07:00,0,0
global.js,195,js,5ca8e545,Bryan,2025-10-25,23:33:23,-07:00,2025-10-25T23:33:23-07:00,0,0
global.js,196,js,5ca8e545,Bryan,2025-10-25,23:33:23,-07:00,2025-10-25T23:33:23-07:00,0,0
global.js,197,js,14706b1c,Bryan,2025-10-17,22:35:56,-07:00,2025-10-17T22:35:56-07:00,0,0
global.js,198,js,14706b1c,Bryan,2025-10-17,22:35:56,-07:00,2025-10-17T22:35:56-07:00,0,0
global.js,199,js,14706b1c,Bryan,2025-10-17,22:35:56,-07:00,2025-10-17T22:35:56-07:00,0,0
global.js,200,js,14706b1c,Bryan,2025-10-17,22:35:56,-07:00,2025-10-17T22:35:56-07:00,0,0
resume/index.html,1,html,01ece718,Bryan,2025-10-04,23:23:27,-07:00,2025-10-04T23:23:27-07:00,0,13
resume/index.html,2,html,01ece718,Bryan,2025-10-04,23:23:27,-07:00,2025-10-04T23:23:27-07:00,0,14
resume/index.html,3,html,01ece718,Bryan,2025-10-04,23:23:27,-07:00,2025-10-04T23:23:27-07:00,0,4
resume/index.html,4,html,01ece718,Bryan,2025-10-04,23:23:27,-07:00,2025-10-04T23:23:27-07:00,1,22
resume/index.html,5,html,01ece718,Bryan,2025-10-04,23:23:27,-07:00,2025-10-04T23:23:27-07:00,1,68
resume/index.html,6,html,01ece718,Bryan,2025-10-04,23:23:27,-07:00,2025-10-04T23:23:27-07:00,1,25
resume/index.html,7,html,01ece718,Bryan,2025-10-04,23:23:27,-07:00,2025-10-04T23:23:27-07:00,1,43
resume/index.html,8,html,01ece718,Bryan,2025-10-04,23:23:27,-07:00,2025-10-04T23:23:27-07:00,1,5
resume/index.html,9,html,01ece718,Bryan,2025-10-04,23:23:27,-07:00,2025-10-04T23:23:27-07:00,2,40
resume/index.html,10,html,01ece718,Bryan,2025-10-04,23:23:27,-07:00,2025-10-04T23:23:27-07:00,2,50
resume/index.html,11,html,01ece718,Bryan,2025-10-04,23:23:27,-07:00,2025-10-04T23:23:27-07:00,1,6
resume/index.html,12,html,01ece718,Bryan,2025-10-04,23:23:27,-07:00,2025-10-04T23:23:27-07:00,0,5
resume/index.html,13,html,01ece718,Bryan,2025-10-04,23:23:27,-07:00,2025-10-04T23:23:27-07:00,0,4
resume/index.html,14,html,14706b1c,Bryan,2025-10-17,22:35:56,-07:00,2025-10-17T22:35:56-07:00,1,8
resume/index.html,15,html,01ece718,Bryan,2025-10-04,23:23:27,-07:00,2025-10-04T23:23:27-07:00,2,32
resume/index.html,16,html,01ece718,Bryan,2025-10-04,23:23:27,-07:00,2025-10-04T23:23:27-07:00,2,45
resume/index.html,17,html,01ece718,Bryan,2025-10-04,23:23:27,-07:00,2025-10-04T23:23:27-07:00,2,43
resume/index.html,18,html,01ece718,Bryan,2025-10-04,23:23:27,-07:00,2025-10-04T23:23:27-07:00,2,41
resume/index.html,19,html,01ece718,Bryan,2025-10-04,23:23:27,-07:00,2025-10-04T23:23:27-07:00,2,77
resume/index.html,20,html,14706b1c,Bryan,2025-10-17,22:35:56,-07:00,2025-10-17T22:35:56-07:00,1,8
resume/index.html,21,html,01ece718,Bryan,2025-10-04,23:23:27,-07:00,2025-10-04T23:23:27-07:00,0,0
resume/index.html,22,html,01ece718,Bryan,2025-10-04,23:23:27,-07:00,2025-10-04T23:23:27-07:00,1,13
resume/index.html,23,html,01ece718,Bryan,2025-10-04,23:23:27,-07:00,2025-10-04T23:23:27-07:00,0,0
resume/index.html,24,html,551fe3a4,Bryan,2025-10-10,16:53:55,-07:00,2025-10-10T16:53:55-07:00,1,26
resume/index.html,25,html,551fe3a4,Bryan,2025-10-10,16:53:55,-07:00,2025-10-10T16:53:55-07:00,3,69
resume/index.html,26,html,551fe3a4,Bryan,2025-10-10,16:53:55,-07:00,2025-10-10T16:53:55-07:00,1,4
resume/index.html,27,html,551fe3a4,Bryan,2025-10-10,16:53:55,-07:00,2025-10-10T16:53:55-07:00,0,0
resume/index.html,28,html,01ece718,Bryan,2025-10-04,23:23:27,-07:00,2025-10-04T23:23:27-07:00,0,0
resume/index.html,29,html,01ece718,Bryan,2025-10-04,23:23:27,-07:00,2025-10-04T23:23:27-07:00,0,0
resume/index.html,30,html,14706b1c,Bryan,2025-10-17,22:35:56,-07:00,2025-10-17T22:35:56-07:00,0,47
resume/index.html,31,html,01ece718,Bryan,2025-10-04,23:23:27,-07:00,2025-10-04T23:23:27-07:00,0,5
resume/index.html,32,html,01ece718,Bryan,2025-10-04,23:23:27,-07:00,2025-10-04T23:23:27-07:00,0,5
projects/projects.js,1,js,5ca8e545,Bryan,2025-10-25,23:33:23,-07:00,2025-10-25T23:33:23-07:00,0,9
projects/projects.js,2,js,00000000,Not Committed Yet,2025-11-07,14:26:12,-08:00,2025-11-07T14:26:12-08:00,0,63
projects/projects.js,3,js,00000000,Not Committed Yet,2025-11-07,14:26:12,-08:00,2025-11-07T14:26:12-08:00,0,0
projects/projects.js,4,js,5ca8e545,Bryan,2025-10-25,23:33:23,-07:00,2025-10-25T23:33:23-07:00,0,0
projects/projects.js,5,js,5ca8e545,Bryan,2025-10-25,23:33:23,-07:00,2025-10-25T23:33:23-07:00,0,0
projects/projects.js,6,js,5ca8e545,Bryan,2025-10-25,23:33:23,-07:00,2025-10-25T23:33:23-07:00,0,55
projects/projects.js,7,js,5ca8e545,Bryan,2025-10-25,23:33:23,-07:00,2025-10-25T23:33:23-07:00,0,0
projects/projects.js,8,js,5ca8e545,Bryan,2025-10-25,23:33:23,-07:00,2025-10-25T23:33:23-07:00,0,55
projects/projects.js,9,js,5ca8e545,Bryan,2025-10-25,23:33:23,-07:00,2025-10-25T23:33:23-07:00,0,0
projects/projects.js,10,js,5ca8e545,Bryan,2025-10-25,23:33:23,-07:00,2025-10-25T23:33:23-07:00,0,0
projects/projects.js,11,js,00000000,Not Committed Yet,2025-11-07,14:26:12,-08:00,2025-11-07T14:26:12-08:00,0,0
projects/projects.js,12,js,00000000,Not Committed Yet,2025-11-07,14:26:12,-08:00,2025-11-07T14:26:12-08:00,0,0
projects/projects.js,13,js,5ca8e545,Bryan,2025-10-25,23:33:23,-07:00,2025-10-25T23:33:23-07:00,0,60
projects/projects.js,14,js,5ca8e545,Bryan,2025-10-25,23:33:23,-07:00,2025-10-25T23:33:23-07:00,0,0
projects/projects.js,15,js,5ca8e545,Bryan,2025-10-25,23:33:23,-07:00,2025-10-25T23:33:23-07:00,0,48
projects/projects.js,16,js,5ca8e545,Bryan,2025-10-25,23:33:23,-07:00,2025-10-25T23:33:23-07:00,0,0
projects/projects.js,17,js,00000000,Not Committed Yet,2025-11-07,14:26:12,-08:00,2025-11-07T14:26:12-08:00,0,23
projects/projects.js,18,js,00000000,Not Committed Yet,2025-11-07,14:26:12,-08:00,2025-11-07T14:26:12-08:00,0,0
projects/projects.js,19,js,00000000,Not Committed Yet,2025-11-07,14:26:12,-08:00,2025-11-07T14:26:12-08:00,0,3
projects/projects.js,20,js,00000000,Not Committed Yet,2025-11-07,14:26:12,-08:00,2025-11-07T14:26:12-08:00,0,21
projects/projects.js,21,js,00000000,Not Committed Yet,2025-11-07,14:26:12,-08:00,2025-11-07T14:26:12-08:00,0,0
projects/projects.js,22,js,00000000,Not Committed Yet,2025-11-07,14:26:12,-08:00,2025-11-07T14:26:12-08:00,0,0
projects/projects.js,23,js,00000000,Not Committed Yet,2025-11-07,14:26:12,-08:00,2025-11-07T14:26:12-08:00,0,3
projects/projects.js,24,js,00000000,Not Committed Yet,2025-11-07,14:26:12,-08:00,2025-11-07T14:26:12-08:00,0,0
projects/projects.js,25,js,00000000,Not Committed Yet,2025-11-07,14:26:12,-08:00,2025-11-07T14:26:12-08:00,0,3
projects/projects.js,26,js,00000000,Not Committed Yet,2025-11-07,14:26:12,-08:00,2025-11-07T14:26:12-08:00,0,38
projects/projects.js,27,js,00000000,Not Committed Yet,2025-11-07,14:26:12,-08:00,2025-11-07T14:26:12-08:00,1,51
projects/projects.js,28,js,00000000,Not Committed Yet,2025-11-07,14:26:12,-08:00,2025-11-07T14:26:12-08:00,1,26
projects/projects.js,29,js,00000000,Not Committed Yet,2025-11-07,14:26:12,-08:00,2025-11-07T14:26:12-08:00,2,12
projects/projects.js,30,js,00000000,Not Committed Yet,2025-11-07,14:26:12,-08:00,2025-11-07T14:26:12-08:00,2,14
projects/projects.js,31,js,00000000,Not Committed Yet,2025-11-07,14:26:12,-08:00,2025-11-07T14:26:12-08:00,2,11
projects/projects.js,32,js,00000000,Not Committed Yet,2025-11-07,14:26:12,-08:00,2025-11-07T14:26:12-08:00,1,0
projects/projects.js,33,js,00000000,Not Committed Yet,2025-11-07,14:26:12,-08:00,2025-11-07T14:26:12-08:00,0,0
projects/projects.js,34,js,00000000,Not Committed Yet,2025-11-07,14:26:12,-08:00,2025-11-07T14:26:12-08:00,1,52
projects/projects.js,35,js,00000000,Not Committed Yet,2025-11-07,14:26:12,-08:00,2025-11-07T14:26:12-08:00,1,43
projects/projects.js,36,js,00000000,Not Committed Yet,2025-11-07,14:26:12,-08:00,2025-11-07T14:26:12-08:00,0,0
projects/projects.js,37,js,00000000,Not Committed Yet,2025-11-07,14:26:12,-08:00,2025-11-07T14:26:12-08:00,1,61
projects/projects.js,38,js,00000000,Not Committed Yet,2025-11-07,14:26:12,-08:00,2025-11-07T14:26:12-08:00,1,45
projects/projects.js,39,js,00000000,Not Committed Yet,2025-11-07,14:26:12,-08:00,2025-11-07T14:26:12-08:00,2,11
projects/projects.js,40,js,00000000,Not Committed Yet,2025-11-07,14:26:12,-08:00,2025-11-07T14:26:12-08:00,2,10
projects/projects.js,41,js,00000000,Not Committed Yet,2025-11-07,14:26:12,-08:00,2025-11-07T14:26:12-08:00,1,2
projects/projects.js,42,js,00000000,Not Committed Yet,2025-11-07,14:26:12,-08:00,2025-11-07T14:26:12-08:00,0,0
projects/projects.js,43,js,00000000,Not Committed Yet,2025-11-07,14:26:12,-08:00,2025-11-07T14:26:12-08:00,1,56
projects/projects.js,44,js,00000000,Not Committed Yet,2025-11-07,14:26:12,-08:00,2025-11-07T14:26:12-08:00,1,42
projects/projects.js,45,js,00000000,Not Committed Yet,2025-11-07,14:26:12,-08:00,2025-11-07T14:26:12-08:00,1,65
projects/projects.js,46,js,00000000,Not Committed Yet,2025-11-07,14:26:12,-08:00,2025-11-07T14:26:12-08:00,1,71
projects/projects.js,47,js,00000000,Not Committed Yet,2025-11-07,14:26:12,-08:00,2025-11-07T14:26:12-08:00,0,0
projects/projects.js,48,js,00000000,Not Committed Yet,2025-11-07,14:26:12,-08:00,2025-11-07T14:26:12-08:00,1,22
projects/projects.js,49,js,00000000,Not Committed Yet,2025-11-07,14:26:12,-08:00,2025-11-07T14:26:12-08:00,1,52
projects/projects.js,50,js,00000000,Not Committed Yet,2025-11-07,14:26:12,-08:00,2025-11-07T14:26:12-08:00,1,35
projects/projects.js,51,js,00000000,Not Committed Yet,2025-11-07,14:26:12,-08:00,2025-11-07T14:26:12-08:00,0,0
projects/projects.js,52,js,00000000,Not Committed Yet,2025-11-07,14:26:12,-08:00,2025-11-07T14:26:12-08:00,1,59
projects/projects.js,53,js,00000000,Not Committed Yet,2025-11-07,14:26:12,-08:00,2025-11-07T14:26:12-08:00,1,47
projects/projects.js,54,js,00000000,Not Committed Yet,2025-11-07,14:26:12,-08:00,2025-11-07T14:26:12-08:00,1,49
projects/projects.js,55,js,00000000,Not Committed Yet,2025-11-07,14:26:12,-08:00,2025-11-07T14:26:12-08:00,0,0
projects/projects.js,56,js,00000000,Not Committed Yet,2025-11-07,14:26:12,-08:00,2025-11-07T14:26:12-08:00,1,26
projects/projects.js,57,js,00000000,Not Committed Yet,2025-11-07,14:26:12,-08:00,2025-11-07T14:26:12-08:00,2,77
projects/projects.js,58,js,00000000,Not Committed Yet,2025-11-07,14:26:12,-08:00,2025-11-07T14:26:12-08:00,3,16
projects/projects.js,59,js,00000000,Not Committed Yet,2025-11-07,14:26:12,-08:00,2025-11-07T14:26:12-08:00,3,47
projects/projects.js,60,js,00000000,Not Committed Yet,2025-11-07,14:26:12,-08:00,2025-11-07T14:26:12-08:00,0,0
projects/projects.js,61,js,00000000,Not Committed Yet,2025-11-07,14:26:12,-08:00,2025-11-07T14:26:12-08:00,3,30
projects/projects.js,62,js,00000000,Not Committed Yet,2025-11-07,14:26:12,-08:00,2025-11-07T14:26:12-08:00,3,19
projects/projects.js,63,js,00000000,Not Committed Yet,2025-11-07,14:26:12,-08:00,2025-11-07T14:26:12-08:00,4,62
projects/projects.js,64,js,00000000,Not Committed Yet,2025-11-07,14:26:12,-08:00,2025-11-07T14:26:12-08:00,0,0
projects/projects.js,65,js,00000000,Not Committed Yet,2025-11-07,14:26:12,-08:00,2025-11-07T14:26:12-08:00,3,32
projects/projects.js,66,js,00000000,Not Committed Yet,2025-11-07,14:26:12,-08:00,2025-11-07T14:26:12-08:00,3,18
projects/projects.js,67,js,00000000,Not Committed Yet,2025-11-07,14:26:12,-08:00,2025-11-07T14:26:12-08:00,4,14
projects/projects.js,68,js,00000000,Not Committed Yet,2025-11-07,14:26:12,-08:00,2025-11-07T14:26:12-08:00,4,64
projects/projects.js,69,js,00000000,Not Committed Yet,2025-11-07,14:26:12,-08:00,2025-11-07T14:26:12-08:00,2,0
projects/projects.js,70,js,00000000,Not Committed Yet,2025-11-07,14:26:12,-08:00,2025-11-07T14:26:12-08:00,3,3
projects/projects.js,71,js,00000000,Not Committed Yet,2025-11-07,14:26:12,-08:00,2025-11-07T14:26:12-08:00,3,25
projects/projects.js,72,js,00000000,Not Committed Yet,2025-11-07,14:26:12,-08:00,2025-11-07T14:26:12-08:00,4,61
projects/projects.js,73,js,00000000,Not Committed Yet,2025-11-07,14:26:12,-08:00,2025-11-07T14:26:12-08:00,3,6
projects/projects.js,74,js,00000000,Not Committed Yet,2025-11-07,14:26:12,-08:00,2025-11-07T14:26:12-08:00,4,37
projects/projects.js,75,js,00000000,Not Committed Yet,2025-11-07,14:26:12,-08:00,2025-11-07T14:26:12-08:00,4,53
projects/projects.js,76,js,00000000,Not Committed Yet,2025-11-07,14:26:12,-08:00,2025-11-07T14:26:12-08:00,4,48
projects/projects.js,77,js,00000000,Not Committed Yet,2025-11-07,14:26:12,-08:00,2025-11-07T14:26:12-08:00,3,0
projects/projects.js,78,js,00000000,Not Committed Yet,2025-11-07,14:26:12,-08:00,2025-11-07T14:26:12-08:00,2,1
projects/projects.js,79,js,00000000,Not Committed Yet,2025-11-07,14:26:12,-08:00,2025-11-07T14:26:12-08:00,1,1
projects/projects.js,80,js,00000000,Not Committed Yet,2025-11-07,14:26:12,-08:00,2025-11-07T14:26:12-08:00,0,0
projects/projects.js,81,js,00000000,Not Committed Yet,2025-11-07,14:26:12,-08:00,2025-11-07T14:26:12-08:00,1,55
projects/projects.js,82,js,00000000,Not Committed Yet,2025-11-07,14:26:12,-08:00,2025-11-07T14:26:12-08:00,1,34
projects/projects.js,83,js,00000000,Not Committed Yet,2025-11-07,14:26:12,-08:00,2025-11-07T14:26:12-08:00,1,24
projects/projects.js,84,js,00000000,Not Committed Yet,2025-11-07,14:26:12,-08:00,2025-11-07T14:26:12-08:00,2,4
projects/projects.js,85,js,00000000,Not Committed Yet,2025-11-07,14:26:12,-08:00,2025-11-07T14:26:12-08:00,3,11
projects/projects.js,86,js,00000000,Not Committed Yet,2025-11-07,14:26:12,-08:00,2025-11-07T14:26:12-08:00,3,38
projects/projects.js,87,js,00000000,Not Committed Yet,2025-11-07,14:26:12,-08:00,2025-11-07T14:26:12-08:00,3,69
projects/projects.js,88,js,00000000,Not Committed Yet,2025-11-07,14:26:12,-08:00,2025-11-07T14:26:12-08:00,1,1
projects/projects.js,89,js,00000000,Not Committed Yet,2025-11-07,14:26:12,-08:00,2025-11-07T14:26:12-08:00,0,0
projects/projects.js,90,js,00000000,Not Committed Yet,2025-11-07,14:26:12,-08:00,2025-11-07T14:26:12-08:00,0,0
projects/projects.js,91,js,00000000,Not Committed Yet,2025-11-07,14:26:12,-08:00,2025-11-07T14:26:12-08:00,0,3
projects/projects.js,92,js,00000000,Not Committed Yet,2025-11-07,14:26:12,-08:00,2025-11-07T14:26:12-08:00,0,13
projects/projects.js,93,js,00000000,Not Committed Yet,2025-11-07,14:26:12,-08:00,2025-11-07T14:26:12-08:00,0,7
projects/projects.js,94,js,00000000,Not Committed Yet,2025-11-07,14:26:12,-08:00,2025-11-07T14:26:12-08:00,0,53
projects/projects.js,95,js,00000000,Not Committed Yet,2025-11-07,14:26:12,-08:00,2025-11-07T14:26:12-08:00,0,0
projects/projects.js,96,js,00000000,Not Committed Yet,2025-11-07,14:26:12,-08:00,2025-11-07T14:26:12-08:00,0,48
projects/projects.js,97,js,00000000,Not Committed Yet,2025-11-07,14:26:12,-08:00,2025-11-07T14:26:12-08:00,1,19
projects/projects.js,98,js,00000000,Not Committed Yet,2025-11-07,14:26:12,-08:00,2025-11-07T14:26:12-08:00,1,12
projects/projects.js,99,js,00000000,Not Committed Yet,2025-11-07,14:26:12,-08:00,2025-11-07T14:26:12-08:00,1,46
projects/projects.js,100,js,00000000,Not Committed Yet,2025-11-07,14:26:12,-08:00,2025-11-07T14:26:12-08:00,1,0
projects/projects.js,101,js,00000000,Not Committed Yet,2025-11-07,14:26:12,-08:00,2025-11-07T14:26:12-08:00,1,68
projects/projects.js,102,js,00000000,Not Committed Yet,2025-11-07,14:26:12,-08:00,2025-11-07T14:26:12-08:00,0,0
projects/projects.js,103,js,00000000,Not Committed Yet,2025-11-07,14:26:12,-08:00,2025-11-07T14:26:12-08:00,1,53
projects/projects.js,104,js,00000000,Not Committed Yet,2025-11-07,14:26:12,-08:00,2025-11-07T14:26:12-08:00,2,61
projects/projects.js,105,js,00000000,Not Committed Yet,2025-11-07,14:26:12,-08:00,2025-11-07T14:26:12-08:00,2,28
projects/projects.js,106,js,00000000,Not Committed Yet,2025-11-07,14:26:12,-08:00,2025-11-07T14:26:12-08:00,1,1
projects/projects.js,107,js,00000000,Not Committed Yet,2025-11-07,14:26:12,-08:00,2025-11-07T14:26:12-08:00,0,0
projects/projects.js,108,js,00000000,Not Committed Yet,2025-11-07,14:26:12,-08:00,2025-11-07T14:26:12-08:00,1,31
projects/projects.js,109,js,00000000,Not Committed Yet,2025-11-07,14:26:12,-08:00,2025-11-07T14:26:12-08:00,1,56
projects/projects.js,110,js,00000000,Not Committed Yet,2025-11-07,14:26:12,-08:00,2025-11-07T14:26:12-08:00,0,0
projects/projects.js,111,js,00000000,Not Committed Yet,2025-11-07,14:26:12,-08:00,2025-11-07T14:26:12-08:00,1,62
projects/projects.js,112,js,00000000,Not Committed Yet,2025-11-07,14:26:12,-08:00,2025-11-07T14:26:12-08:00,1,31
projects/projects.js,113,js,00000000,Not Committed Yet,2025-11-07,14:26:12,-08:00,2025-11-07T14:26:12-08:00,0,0
projects/projects.js,114,js,00000000,Not Committed Yet,2025-11-07,14:26:12,-08:00,2025-11-07T14:26:12-08:00,0,0
projects/projects.js,115,js,00000000,Not Committed Yet,2025-11-07,14:26:12,-08:00,2025-11-07T14:26:12-08:00,0,1
projects/projects.js,116,js,5ca8e545,Bryan,2025-10-25,23:33:23,-07:00,2025-10-25T23:33:23-07:00,0,0
projects/projects.js,117,js,5ca8e545,Bryan,2025-10-25,23:33:23,-07:00,2025-10-25T23:33:23-07:00,0,3
projects/projects.js,118,js,5ca8e545,Bryan,2025-10-25,23:33:23,-07:00,2025-10-25T23:33:23-07:00,0,61
projects/projects.js,119,js,5ca8e545,Bryan,2025-10-25,23:33:23,-07:00,2025-10-25T23:33:23-07:00,0,17
projects/projects.js,120,js,5ca8e545,Bryan,2025-10-25,23:33:23,-07:00,2025-10-25T23:33:23-07:00,1,89
projects/projects.js,121,js,00000000,Not Committed Yet,2025-11-07,14:26:12,-08:00,2025-11-07T14:26:12-08:00,0,0
projects/projects.js,122,js,00000000,Not Committed Yet,2025-11-07,14:26:12,-08:00,2025-11-07T14:26:12-08:00,0,0
projects/projects.js,123,js,00000000,Not Committed Yet,2025-11-07,14:26:12,-08:00,2025-11-07T14:26:12-08:00,0,5
projects/projects.js,124,js,00000000,Not Committed Yet,2025-11-07,14:26:12,-08:00,2025-11-07T14:26:12-08:00,0,42
projects/projects.js,125,js,00000000,Not Committed Yet,2025-11-07,14:26:12,-08:00,2025-11-07T14:26:12-08:00,0,0
projects/projects.js,126,js,00000000,Not Committed Yet,2025-11-07,14:26:12,-08:00,2025-11-07T14:26:12-08:00,0,0
projects/projects.js,127,js,00000000,Not Committed Yet,2025-11-07,14:26:12,-08:00,2025-11-07T14:26:12-08:00,0,0
projects/projects.js,128,js,00000000,Not Committed Yet,2025-11-07,14:26:12,-08:00,2025-11-07T14:26:12-08:00,0,0
projects/projects.js,129,js,00000000,Not Committed Yet,2025-11-07,14:26:12,-08:00,2025-11-07T14:26:12-08:00,0,31
projects/projects.js,130,js,00000000,Not Committed Yet,2025-11-07,14:26:12,-08:00,2025-11-07T14:26:12-08:00,0,17
projects/projects.js,131,js,00000000,Not Committed Yet,2025-11-07,14:26:12,-08:00,2025-11-07T14:26:12-08:00,0,24
projects/projects.js,132,js,00000000,Not Committed Yet,2025-11-07,14:26:12,-08:00,2025-11-07T14:26:12-08:00,0,4
projects/projects.js,133,js,00000000,Not Committed Yet,2025-11-07,14:26:12,-08:00,2025-11-07T14:26:12-08:00,0,0
projects/projects.js,134,js,00000000,Not Committed Yet,2025-11-07,14:26:12,-08:00,2025-11-07T14:26:12-08:00,0,19
projects/projects.js,135,js,00000000,Not Committed Yet,2025-11-07,14:26:12,-08:00,2025-11-07T14:26:12-08:00,0,22
projects/projects.js,136,js,00000000,Not Committed Yet,2025-11-07,14:26:12,-08:00,2025-11-07T14:26:12-08:00,0,24
projects/projects.js,137,js,00000000,Not Committed Yet,2025-11-07,14:26:12,-08:00,2025-11-07T14:26:12-08:00,0,3
projects/projects.js,138,js,00000000,Not Committed Yet,2025-11-07,14:26:12,-08:00,2025-11-07T14:26:12-08:00,0,13
projects/projects.js,139,js,00000000,Not Committed Yet,2025-11-07,14:26:12,-08:00,2025-11-07T14:26:12-08:00,0,33
projects/projects.js,140,js,00000000,Not Committed Yet,2025-11-07,14:26:12,-08:00,2025-11-07T14:26:12-08:00,0,34
projects/projects.js,141,js,00000000,Not Committed Yet,2025-11-07,14:26:12,-08:00,2025-11-07T14:26:12-08:00,0,33
projects/projects.js,142,js,00000000,Not Committed Yet,2025-11-07,14:26:12,-08:00,2025-11-07T14:26:12-08:00,0,32
projects/projects.js,143,js,00000000,Not Committed Yet,2025-11-07,14:26:12,-08:00,2025-11-07T14:26:12-08:00,0,32
projects/projects.js,144,js,00000000,Not Committed Yet,2025-11-07,14:26:12,-08:00,2025-11-07T14:26:12-08:00,0,35
projects/projects.js,145,js,00000000,Not Committed Yet,2025-11-07,14:26:12,-08:00,2025-11-07T14:26:12-08:00,0,3
projects/projects.js,146,js,00000000,Not Committed Yet,2025-11-07,14:26:12,-08:00,2025-11-07T14:26:12-08:00,0,0
projects/projects.js,147,js,00000000,Not Committed Yet,2025-11-07,14:26:12,-08:00,2025-11-07T14:26:12-08:00,0,3
projects/projects.js,148,js,00000000,Not Committed Yet,2025-11-07,14:26:12,-08:00,2025-11-07T14:26:12-08:00,0,26
projects/projects.js,149,js,00000000,Not Committed Yet,2025-11-07,14:26:12,-08:00,2025-11-07T14:26:12-08:00,1,38
projects/projects.js,150,js,00000000,Not Committed Yet,2025-11-07,14:26:12,-08:00,2025-11-07T14:26:12-08:00,1,40
projects/projects.js,151,js,00000000,Not Committed Yet,2025-11-07,14:26:12,-08:00,2025-11-07T14:26:12-08:00,1,29
projects/projects.js,152,js,00000000,Not Committed Yet,2025-11-07,14:26:12,-08:00,2025-11-07T14:26:12-08:00,0,0
projects/projects.js,153,js,00000000,Not Committed Yet,2025-11-07,14:26:12,-08:00,2025-11-07T14:26:12-08:00,0,0
projects/projects.js,154,js,00000000,Not Committed Yet,2025-11-07,14:26:12,-08:00,2025-11-07T14:26:12-08:00,0,62
projects/projects.js,155,js,00000000,Not Committed Yet,2025-11-07,14:26:12,-08:00,2025-11-07T14:26:12-08:00,0,43
projects/projects.js,156,js,00000000,Not Committed Yet,2025-11-07,14:26:12,-08:00,2025-11-07T14:26:12-08:00,0,0
projects/projects.js,157,js,00000000,Not Committed Yet,2025-11-07,14:26:12,-08:00,2025-11-07T14:26:12-08:00,0,51
projects/projects.js,158,js,00000000,Not Committed Yet,2025-11-07,14:26:12,-08:00,2025-11-07T14:26:12-08:00,0,45
projects/projects.js,159,js,00000000,Not Committed Yet,2025-11-07,14:26:12,-08:00,2025-11-07T14:26:12-08:00,1,11
projects/projects.js,160,js,00000000,Not Committed Yet,2025-11-07,14:26:12,-08:00,2025-11-07T14:26:12-08:00,1,9
projects/projects.js,161,js,00000000,Not Committed Yet,2025-11-07,14:26:12,-08:00,2025-11-07T14:26:12-08:00,0,2
projects/projects.js,162,js,00000000,Not Committed Yet,2025-11-07,14:26:12,-08:00,2025-11-07T14:26:12-08:00,0,0
projects/projects.js,163,js,00000000,Not Committed Yet,2025-11-07,14:26:12,-08:00,2025-11-07T14:26:12-08:00,0,0
projects/projects.js,164,js,00000000,Not Committed Yet,2025-11-07,14:26:12,-08:00,2025-11-07T14:26:12-08:00,0,32
projects/projects.js,165,js,00000000,Not Committed Yet,2025-11-07,14:26:12,-08:00,2025-11-07T14:26:12-08:00,0,15
projects/projects.js,166,js,00000000,Not Committed Yet,2025-11-07,14:26:12,-08:00,2025-11-07T14:26:12-08:00,0,22
projects/projects.js,167,js,00000000,Not Committed Yet,2025-11-07,14:26:12,-08:00,2025-11-07T14:26:12-08:00,0,14
projects/projects.js,168,js,00000000,Not Committed Yet,2025-11-07,14:26:12,-08:00,2025-11-07T14:26:12-08:00,0,2
projects/projects.js,169,js,00000000,Not Committed Yet,2025-11-07,14:26:12,-08:00,2025-11-07T14:26:12-08:00,0,0
projects/projects.js,170,js,00000000,Not Committed Yet,2025-11-07,14:26:12,-08:00,2025-11-07T14:26:12-08:00,0,15
projects/projects.js,171,js,00000000,Not Committed Yet,2025-11-07,14:26:12,-08:00,2025-11-07T14:26:12-08:00,0,18
projects/projects.js,172,js,00000000,Not Committed Yet,2025-11-07,14:26:12,-08:00,2025-11-07T14:26:12-08:00,0,22
projects/projects.js,173,js,00000000,Not Committed Yet,2025-11-07,14:26:12,-08:00,2025-11-07T14:26:12-08:00,0,52
projects/projects.js,174,js,00000000,Not Committed Yet,2025-11-07,14:26:12,-08:00,2025-11-07T14:26:12-08:00,0,49
projects/projects.js,175,js,00000000,Not Committed Yet,2025-11-07,14:26:12,-08:00,2025-11-07T14:26:12-08:00,0,20
projects/projects.js,176,js,00000000,Not Committed Yet,2025-11-07,14:26:12,-08:00,2025-11-07T14:26:12-08:00,0,2
projects/projects.js,177,js,00000000,Not Committed Yet,2025-11-07,14:26:12,-08:00,2025-11-07T14:26:12-08:00,0,0
projects/projects.js,178,js,00000000,Not Committed Yet,2025-11-07,14:26:12,-08:00,2025-11-07T14:26:12-08:00,0,0
projects/projects.js,179,js,00000000,Not Committed Yet,2025-11-07,14:26:12,-08:00,2025-11-07T14:26:12-08:00,0,71
projects/projects.js,180,js,00000000,Not Committed Yet,2025-11-07,14:26:12,-08:00,2025-11-07T14:26:12-08:00,0,27
projects/projects.js,181,js,00000000,Not Committed Yet,2025-11-07,14:26:12,-08:00,2025-11-07T14:26:12-08:00,1,21
projects/projects.js,182,js,00000000,Not Committed Yet,2025-11-07,14:26:12,-08:00,2025-11-07T14:26:12-08:00,0,0
projects/projects.js,183,js,00000000,Not Committed Yet,2025-11-07,14:26:12,-08:00,2025-11-07T14:26:12-08:00,0,33
projects/projects.js,184,js,00000000,Not Committed Yet,2025-11-07,14:26:12,-08:00,2025-11-07T14:26:12-08:00,0,0
projects/projects.js,185,js,00000000,Not Committed Yet,2025-11-07,14:26:12,-08:00,2025-11-07T14:26:12-08:00,0,0
projects/projects.js,186,js,00000000,Not Committed Yet,2025-11-07,14:26:12,-08:00,2025-11-07T14:26:12-08:00,0,0
projects/projects.js,187,js,00000000,Not Committed Yet,2025-11-07,14:26:12,-08:00,2025-11-07T14:26:12-08:00,0,27
projects/projects.js,188,js,00000000,Not Committed Yet,2025-11-07,14:26:12,-08:00,2025-11-07T14:26:12-08:00,1,13
projects/projects.js,189,js,00000000,Not Committed Yet,2025-11-07,14:26:12,-08:00,2025-11-07T14:26:12-08:00,1,15
projects/projects.js,190,js,00000000,Not Committed Yet,2025-11-07,14:26:12,-08:00,2025-11-07T14:26:12-08:00,0,0
projects/projects.js,191,js,00000000,Not Committed Yet,2025-11-07,14:26:12,-08:00,2025-11-07T14:26:12-08:00,0,45
projects/projects.js,192,js,00000000,Not Committed Yet,2025-11-07,14:26:12,-08:00,2025-11-07T14:26:12-08:00,0,0
projects/projects.js,193,js,00000000,Not Committed Yet,2025-11-07,14:26:12,-08:00,2025-11-07T14:26:12-08:00,0,47
projects/projects.js,194,js,00000000,Not Committed Yet,2025-11-07,14:26:12,-08:00,2025-11-07T14:26:12-08:00,0,0
projects/projects.js,195,js,00000000,Not Committed Yet,2025-11-07,14:26:12,-08:00,2025-11-07T14:26:12-08:00,0,0
projects/projects.js,196,js,00000000,Not Committed Yet,2025-11-07,14:26:12,-08:00,2025-11-07T14:26:12-08:00,0,0
projects/projects.js,197,js,00000000,Not Committed Yet,2025-11-07,14:26:12,-08:00,2025-11-07T14:26:12-08:00,0,3
projects/projects.js,198,js,00000000,Not Committed Yet,2025-11-07,14:26:12,-08:00,2025-11-07T14:26:12-08:00,0,32
projects/projects.js,199,js,00000000,Not Committed Yet,2025-11-07,14:26:12,-08:00,2025-11-07T14:26:12-08:00,0,0
projects/projects.js,200,js,00000000,Not Committed Yet,2025-11-07,14:26:12,-08:00,2025-11-07T14:26:12-08:00,0,24
projects/projects.js,201,js,00000000,Not Committed Yet,2025-11-07,14:26:12,-08:00,2025-11-07T14:26:12-08:00,1,17
projects/projects.js,202,js,00000000,Not Committed Yet,2025-11-07,14:26:12,-08:00,2025-11-07T14:26:12-08:00,2,38
projects/projects.js,203,js,00000000,Not Committed Yet,2025-11-07,14:26:12,-08:00,2025-11-07T14:26:12-08:00,2,69
projects/projects.js,204,js,00000000,Not Committed Yet,2025-11-07,14:26:12,-08:00,2025-11-07T14:26:12-08:00,0,1
projects/projects.js,205,js,00000000,Not Committed Yet,2025-11-07,14:26:12,-08:00,2025-11-07T14:26:12-08:00,0,0
projects/projects.js,206,js,00000000,Not Committed Yet,2025-11-07,14:26:12,-08:00,2025-11-07T14:26:12-08:00,0,0
projects/projects.js,207,js,00000000,Not Committed Yet,2025-11-07,14:26:12,-08:00,2025-11-07T14:26:12-08:00,0,0
projects/projects.js,208,js,00000000,Not Committed Yet,2025-11-07,14:26:12,-08:00,2025-11-07T14:26:12-08:00,0,0
projects/projects.js,209,js,00000000,Not Committed Yet,2025-11-07,14:26:12,-08:00,2025-11-07T14:26:12-08:00,0,0
projects/index.html,1,html,9fc891ce,Bryan,2025-10-04,22:33:40,-07:00,2025-10-04T22:33:40-07:00,0,13
projects/index.html,2,html,9fc891ce,Bryan,2025-10-04,22:33:40,-07:00,2025-10-04T22:33:40-07:00,0,14
projects/index.html,3,html,9fc891ce,Bryan,2025-10-04,22:33:40,-07:00,2025-10-04T22:33:40-07:00,0,4
projects/index.html,4,html,9fc891ce,Bryan,2025-10-04,22:33:40,-07:00,2025-10-04T22:33:40-07:00,1,22
projects/index.html,5,html,9fc891ce,Bryan,2025-10-04,22:33:40,-07:00,2025-10-04T22:33:40-07:00,1,70
projects/index.html,6,html,9fc891ce,Bryan,2025-10-04,22:33:40,-07:00,2025-10-04T22:33:40-07:00,1,67
projects/index.html,7,html,9fc891ce,Bryan,2025-10-04,22:33:40,-07:00,2025-10-04T22:33:40-07:00,1,43
projects/index.html,8,html,9fc891ce,Bryan,2025-10-04,22:33:40,-07:00,2025-10-04T22:33:40-07:00,0,5
projects/index.html,9,html,9fc891ce,Bryan,2025-10-04,22:33:40,-07:00,2025-10-04T22:33:40-07:00,0,4
projects/index.html,10,html,14706b1c,Bryan,2025-10-17,22:35:56,-07:00,2025-10-17T22:35:56-07:00,2,8
projects/index.html,11,html,9fc891ce,Bryan,2025-10-04,22:33:40,-07:00,2025-10-04T22:33:40-07:00,1,32
projects/index.html,12,html,9fc891ce,Bryan,2025-10-04,22:33:40,-07:00,2025-10-04T22:33:40-07:00,1,45
projects/index.html,13,html,9fc891ce,Bryan,2025-10-04,22:33:40,-07:00,2025-10-04T22:33:40-07:00,1,43
projects/index.html,14,html,9fc891ce,Bryan,2025-10-04,22:33:40,-07:00,2025-10-04T22:33:40-07:00,1,62
projects/index.html,15,html,14706b1c,Bryan,2025-10-17,22:35:56,-07:00,2025-10-17T22:35:56-07:00,0,8
projects/index.html,16,html,5ca8e545,Bryan,2025-10-25,23:33:23,-07:00,2025-10-25T23:33:23-07:00,1,38
projects/index.html,17,html,9fc891ce,Bryan,2025-10-04,22:33:40,-07:00,2025-10-04T22:33:40-07:00,1,32
projects/index.html,18,html,14706b1c,Bryan,2025-10-17,22:35:56,-07:00,2025-10-17T22:35:56-07:00,0,0
projects/index.html,19,html,00000000,Not Committed Yet,2025-11-07,14:26:12,-08:00,2025-11-07T14:26:12-08:00,1,21
projects/index.html,20,html,00000000,Not Committed Yet,2025-11-07,14:26:12,-08:00,2025-11-07T14:26:12-08:00,2,58
projects/index.html,21,html,00000000,Not Committed Yet,2025-11-07,14:26:12,-08:00,2025-11-07T14:26:12-08:00,2,22
projects/index.html,22,html,00000000,Not Committed Yet,2025-11-07,14:26:12,-08:00,2025-11-07T14:26:12-08:00,1,4
projects/index.html,23,html,00000000,Not Committed Yet,2025-11-07,14:26:12,-08:00,2025-11-07T14:26:12-08:00,1,4
projects/index.html,24,html,00000000,Not Committed Yet,2025-11-07,14:26:12,-08:00,2025-11-07T14:26:12-08:00,1,15
projects/index.html,25,html,00000000,Not Committed Yet,2025-11-07,14:26:12,-08:00,2025-11-07T14:26:12-08:00,1,11
projects/index.html,26,html,00000000,Not Committed Yet,2025-11-07,14:26:12,-08:00,2025-11-07T14:26:12-08:00,1,26
projects/index.html,27,html,00000000,Not Committed Yet,2025-11-07,14:26:12,-08:00,2025-11-07T14:26:12-08:00,1,31
projects/index.html,28,html,00000000,Not Committed Yet,2025-11-07,14:26:12,-08:00,2025-11-07T14:26:12-08:00,0,0
projects/index.html,29,html,00000000,Not Committed Yet,2025-11-07,14:26:12,-08:00,2025-11-07T14:26:12-08:00,0,0
projects/index.html,30,html,5ca8e545,Bryan,2025-10-25,23:33:23,-07:00,2025-10-25T23:33:23-07:00,1,20
projects/index.html,31,html,5ca8e545,Bryan,2025-10-25,23:33:23,-07:00,2025-10-25T23:33:23-07:00,1,12
projects/index.html,32,html,5ca8e545,Bryan,2025-10-25,23:33:23,-07:00,2025-10-25T23:33:23-07:00,2,18
projects/index.html,33,html,5ca8e545,Bryan,2025-10-25,23:33:23,-07:00,2025-10-25T23:33:23-07:00,2,51
projects/index.html,34,html,5ca8e545,Bryan,2025-10-25,23:33:23,-07:00,2025-10-25T23:33:23-07:00,2,36
projects/index.html,35,html,5ca8e545,Bryan,2025-10-25,23:33:23,-07:00,2025-10-25T23:33:23-07:00,1,12
projects/index.html,36,html,5ca8e545,Bryan,2025-10-25,23:33:23,-07:00,2025-10-25T23:33:23-07:00,0,0
projects/index.html,37,html,00000000,Not Committed Yet,2025-11-07,14:26:12,-08:00,2025-11-07T14:26:12-08:00,1,4
projects/index.html,38,html,5ca8e545,Bryan,2025-10-25,23:33:23,-07:00,2025-10-25T23:33:23-07:00,0,0
projects/index.html,39,html,14706b1c,Bryan,2025-10-17,22:35:56,-07:00,2025-10-17T22:35:56-07:00,0,48
projects/index.html,40,html,5ca8e545,Bryan,2025-10-25,23:33:23,-07:00,2025-10-25T23:33:23-07:00,0,49
projects/index.html,41,html,5ca8e545,Bryan,2025-10-25,23:33:23,-07:00,2025-10-25T23:33:23-07:00,0,0
projects/index.html,42,html,14706b1c,Bryan,2025-10-17,22:35:56,-07:00,2025-10-17T22:35:56-07:00,0,0
projects/index.html,43,html,9fc891ce,Bryan,2025-10-04,22:33:40,-07:00,2025-10-04T22:33:40-07:00,0,5
projects/index.html,44,html,9fc891ce,Bryan,2025-10-04,22:33:40,-07:00,2025-10-04T22:33:40-07:00,0,5
contact/index.html,1,html,9fc891ce,Bryan,2025-10-04,22:33:40,-07:00,2025-10-04T22:33:40-07:00,0,13
contact/index.html,2,html,9fc891ce,Bryan,2025-10-04,22:33:40,-07:00,2025-10-04T22:33:40-07:00,0,14
contact/index.html,3,html,9fc891ce,Bryan,2025-10-04,22:33:40,-07:00,2025-10-04T22:33:40-07:00,0,4
contact/index.html,4,html,9fc891ce,Bryan,2025-10-04,22:33:40,-07:00,2025-10-04T22:33:40-07:00,1,22
contact/index.html,5,html,9fc891ce,Bryan,2025-10-04,22:33:40,-07:00,2025-10-04T22:33:40-07:00,1,70
contact/index.html,6,html,9fc891ce,Bryan,2025-10-04,22:33:40,-07:00,2025-10-04T22:33:40-07:00,1,67
contact/index.html,7,html,9fc891ce,Bryan,2025-10-04,22:33:40,-07:00,2025-10-04T22:33:40-07:00,1,43
contact/index.html,8,html,9fc891ce,Bryan,2025-10-04,22:33:40,-07:00,2025-10-04T22:33:40-07:00,0,5
contact/index.html,9,html,9fc891ce,Bryan,2025-10-04,22:33:40,-07:00,2025-10-04T22:33:40-07:00,0,4
contact/index.html,10,html,14706b1c,Bryan,2025-10-17,22:35:56,-07:00,2025-10-17T22:35:56-07:00,2,8
contact/index.html,11,html,9fc891ce,Bryan,2025-10-04,22:33:40,-07:00,2025-10-04T22:33:40-07:00,1,32
contact/index.html,12,html,9fc891ce,Bryan,2025-10-04,22:33:40,-07:00,2025-10-04T22:33:40-07:00,1,45
contact/index.html,13,html,9fc891ce,Bryan,2025-10-04,22:33:40,-07:00,2025-10-04T22:33:40-07:00,1,43
contact/index.html,14,html,9fc891ce,Bryan,2025-10-04,22:33:40,-07:00,2025-10-04T22:33:40-07:00,1,62
contact/index.html,15,html,14706b1c,Bryan,2025-10-17,22:35:56,-07:00,2025-10-17T22:35:56-07:00,0,8
contact/index.html,16,html,9fc891ce,Bryan,2025-10-04,22:33:40,-07:00,2025-10-04T22:33:40-07:00,0,0
contact/index.html,17,html,9fc891ce,Bryan,2025-10-04,22:33:40,-07:00,2025-10-04T22:33:40-07:00,1,14
contact/index.html,18,html,4cbb2fde,Bryan,2025-10-04,22:46:52,-07:00,2025-10-04T22:46:52-07:00,1,16
contact/index.html,19,html,4cbb2fde,Bryan,2025-10-04,22:46:52,-07:00,2025-10-04T22:46:52-07:00,0,0
contact/index.html,20,html,4cbb2fde,Bryan,2025-10-04,22:46:52,-07:00,2025-10-04T22:46:52-07:00,1,77
contact/index.html,21,html,4cbb2fde,Bryan,2025-10-04,22:46:52,-07:00,2025-10-04T22:46:52-07:00,2,2
contact/index.html,22,html,4cbb2fde,Bryan,2025-10-04,22:46:52,-07:00,2025-10-04T22:46:52-07:00,3,4
contact/index.html,23,html,4cbb2fde,Bryan,2025-10-04,22:46:52,-07:00,2025-10-04T22:46:52-07:00,3,58
contact/index.html,24,html,4cbb2fde,Bryan,2025-10-04,22:46:52,-07:00,2025-10-04T22:46:52-07:00,2,3
contact/index.html,25,html,4cbb2fde,Bryan,2025-10-04,22:46:52,-07:00,2025-10-04T22:46:52-07:00,0,0
contact/index.html,26,html,4cbb2fde,Bryan,2025-10-04,22:46:52,-07:00,2025-10-04T22:46:52-07:00,2,2
contact/index.html,27,html,4cbb2fde,Bryan,2025-10-04,22:46:52,-07:00,2025-10-04T22:46:52-07:00,3,6
contact/index.html,28,html,4cbb2fde,Bryan,2025-10-04,22:46:52,-07:00,2025-10-04T22:46:52-07:00,3,48
contact/index.html,29,html,4cbb2fde,Bryan,2025-10-04,22:46:52,-07:00,2025-10-04T22:46:52-07:00,2,3
contact/index.html,30,html,4cbb2fde,Bryan,2025-10-04,22:46:52,-07:00,2025-10-04T22:46:52-07:00,0,0
contact/index.html,31,html,4cbb2fde,Bryan,2025-10-04,22:46:52,-07:00,2025-10-04T22:46:52-07:00,2,2
contact/index.html,32,html,4cbb2fde,Bryan,2025-10-04,22:46:52,-07:00,2025-10-04T22:46:52-07:00,3,6
contact/index.html,33,html,4cbb2fde,Bryan,2025-10-04,22:46:52,-07:00,2025-10-04T22:46:52-07:00,3,44
contact/index.html,34,html,4cbb2fde,Bryan,2025-10-04,22:46:52,-07:00,2025-10-04T22:46:52-07:00,2,3
contact/index.html,35,html,4cbb2fde,Bryan,2025-10-04,22:46:52,-07:00,2025-10-04T22:46:52-07:00,0,0
contact/index.html,36,html,4cbb2fde,Bryan,2025-10-04,22:46:52,-07:00,2025-10-04T22:46:52-07:00,2,21
contact/index.html,37,html,14706b1c,Bryan,2025-10-17,22:35:56,-07:00,2025-10-17T22:35:56-07:00,0,0
contact/index.html,38,html,4cbb2fde,Bryan,2025-10-04,22:46:52,-07:00,2025-10-04T22:46:52-07:00,0,4
contact/index.html,39,html,14706b1c,Bryan,2025-10-17,22:35:56,-07:00,2025-10-17T22:35:56-07:00,0,0
contact/index.html,40,html,14706b1c,Bryan,2025-10-17,22:35:56,-07:00,2025-10-17T22:35:56-07:00,0,48
contact/index.html,41,html,9fc891ce,Bryan,2025-10-04,22:33:40,-07:00,2025-10-04T22:33:40-07:00,0,5
contact/index.html,42,html,9fc891ce,Bryan,2025-10-04,22:33:40,-07:00,2025-10-04T22:33:40-07:00,0,5
